,diffusion,IForest,OCSVM,CBLOF,COF,COPOD,ECOD,FeatureBagging,HBOS,KNN,LODA,LOF,MCD,PCA,SOD,SOGAAL,DeepSVDD,AutoEncoder,VAE,diffusion_t_uniform,diffusion_no_mean,diffusion_slow,diffusion_4,diffusion_bins,diffusion_l2,diffusion_l20,diffusion_l2m,diffusion_l24,diffusion_l2_64,diffusion_l2_64_200,diffusion_l2_quantile,diffusion_400_128,diffusion_420_512,diffusion_bins_mean,diffusion_bins_mean_420,diffusion_bins_mean_420_margin,diffusion_bins_mean_420_t0,diffusion_420_huber,diffusion_420_bins_10,MOGAAL,diffusion_420_bins_10_0.01,diffusion_420_bins_5,ICL,diffusion_420_bins_7,ICL_bagging,diffusion_420_bins_7_bagging
32_shuttle,0.9891768726858444,0.9587012247223012,0.9649672457989176,0.9612645969809172,0.191683281116491,0.9606949587012248,0.9179720877242952,0.8453432070635146,0.9507262888066078,0.9823412133295356,0.9490173739675306,0.9840501281686128,0.8461976644830532,0.9578467673027627,0.1825690686414127,0.0492737111933921,0.9800626602107662,,,0.9809171176303048,0.9854742238678438,0.9786385645115352,0.9777841070919966,0.9487325548276844,0.9854742238678438,0.991455425804614,0.9757903731130732,0.9854742238678438,0.9849045855881516,0.9846197664483052,0.988322415266306,0.9846197664483052,0.9849045855881516,0.981201936770151,0.981201936770151,0.9766448305326118,0.9561378524636855,0.9843349473084592,0.9800626602107662,0.013101680432925,0.9794930219310738,0.9800626602107662,0.9894616918256908,0.9800626602107662,0.9908857875249216,0.9800626602107662
38_thyroid,0.043010752688172,0.8279569892473119,0.7526881720430108,0.7419354838709677,0.075268817204301,0.3010752688172043,0.5913978494623656,0.5806451612903226,0.7741935483870968,0.7526881720430108,0.6451612903225806,0.5268817204301075,0.7311827956989246,0.7419354838709677,0.4086021505376344,0.2903225806451613,0.7096774193548389,,,0.4408602150537634,0.7634408602150536,0.7311827956989246,0.7311827956989246,0.5376344086021505,0.7634408602150536,0.7849462365591398,0.3440860215053763,0.7741935483870968,0.4731182795698925,0.5806451612903226,0.1827956989247311,0.6129032258064516,0.4731182795698925,0.7419354838709677,0.7849462365591398,0.7741935483870968,0.032258064516129,0.3548387096774194,0.7741935483870968,0.2795698924731182,0.5913978494623656,0.086021505376344,0.5483870967741935,0.6774193548387096,0.6236559139784946,0.3333333333333333
26_optdigits,0.4000000000000001,0.2333333333333333,0.0066666666666666,0.02,0.0733333333333333,0.0,0.0,0.4666666666666667,0.4066666666666667,0.2133333333333333,0.0066666666666666,0.5333333333333333,0.0,0.0066666666666666,0.0066666666666666,0.0066666666666666,0.2266666666666666,,,0.36,0.26,0.0,0.02,0.2333333333333333,0.26,0.3066666666666666,0.24,0.26,0.2066666666666666,0.2733333333333333,0.36,0.3066666666666666,0.2533333333333333,0.0466666666666666,0.0133333333333333,0.08,0.4066666666666667,0.24,0.0133333333333333,0.0066666666666666,0.0666666666666666,0.22,0.4866666666666667,0.1,0.4066666666666667,0.15333333333333332
36_speech,0.0491803278688524,0.0,0.0327868852459016,0.0163934426229508,0.0163934426229508,0.0327868852459016,0.0327868852459016,0.0327868852459016,0.0491803278688524,0.0327868852459016,0.0491803278688524,0.0327868852459016,0.0163934426229508,0.0327868852459016,0.0491803278688524,0.0,0.0491803278688524,0.0163934426229508,0.0327868852459016,0.0327868852459016,0.0327868852459016,0.0327868852459016,0.0163934426229508,0.0,0.0327868852459016,0.0655737704918032,0.0327868852459016,0.0655737704918032,0.0327868852459016,0.0163934426229508,0.0491803278688524,0.0327868852459016,0.0163934426229508,0.0163934426229508,0.0491803278688524,0.0491803278688524,0.0327868852459016,0.0327868852459016,0.0163934426229508,0.0,0.0327868852459016,0.0163934426229508,0.0,0.0163934426229508,0.0,0.03278688524590164
40_vowels,0.38,0.16,0.28,0.22,0.54,0.06,0.22,0.4199999999999999,0.08,0.26,0.1,0.34,0.0,0.12,0.56,0.0,0.14,,,0.36,0.34,0.12,0.2,0.1,0.34,0.38,0.26,0.34,0.4000000000000001,0.4000000000000001,0.4000000000000001,0.38,0.4000000000000001,0.44,0.46,0.34,0.08,0.38,0.4000000000000001,0.0,0.4000000000000001,0.4199999999999999,0.3,0.46,0.46,0.44
16_http,0.0050761421319796,0.5025380710659898,1.0,0.9187817258883249,,0.0101522842639593,0.0050761421319796,0.0,0.0050761421319796,1.0,0.0050761421319796,0.9390862944162436,0.9390862944162436,0.934010152284264,,,0.8730964467005076,,,0.0050761421319796,0.0050761421319796,1.0,0.9898477157360406,0.3756345177664975,0.0050761421319796,0.0050761421319796,0.0050761421319796,0.0050761421319796,0.0050761421319796,0.0050761421319796,0.9949238578680204,0.0050761421319796,0.0050761421319796,0.3857868020304568,0.3197969543147208,,1.0,0.0964467005076142,0.3197969543147208,,0.5329949238578681,0.5177664974619289,0.0101522842639593,0.3908629441624365,0.9796954314720812,
8_celeba,0.0837887067395264,0.1830601092896175,0.2714025500910746,0.2959927140255009,0.0127504553734061,0.2331511839708561,0.2340619307832422,0.0200364298724954,0.2304189435336976,0.1721311475409836,0.0947176684881603,0.0209471766848816,0.2677595628415301,0.2686703096539162,0.081967213114754,0.0,0.0482695810564663,0.2704918032786885,0.2686703096539162,0.1366120218579235,0.1429872495446266,0.0318761384335154,0.1375227686703096,0.0091074681238615,0.1448087431693989,0.0792349726775956,0.1320582877959927,0.1493624772313297,0.1247723132969034,0.092896174863388,0.0792349726775956,0.1357012750455373,0.1129326047358834,0.1785063752276867,0.1320582877959927,0.1129326047358834,0.0837887067395264,0.192167577413479,0.2249544626593806,0.0,0.2477231329690346,0.1256830601092896,0.1129326047358834,0.2030965391621129,0.1102003642987249,0.1621129326047359
41_Waveform,0.37,0.08,0.13,0.27,0.12,0.09,0.07,0.3,0.08,0.27,0.05,0.28,0.09,0.09,0.13,0.07,0.2,0.1,,0.22,0.11,0.1,0.11,0.0,0.11,0.2,0.08,0.11,0.1,0.09,0.13,0.09,0.09,0.14,0.16,0.13,0.46,0.09,0.14,0.07,0.14,0.18,0.32,0.18,0.2099999999999999,0.15
37_Stamps,0.3222222222222222,0.6666666666666666,0.7111111111111111,0.6555555555555556,0.2,0.7111111111111111,0.5111111111111111,0.7666666666666667,0.5888888888888889,0.8000000000000002,0.5666666666666667,0.7777777777777778,0.3,0.6444444444444445,0.2777777777777778,0.3111111111111111,0.4666666666666667,0.7111111111111111,,0.6555555555555556,0.5222222222222223,0.6666666666666666,0.6222222222222222,0.2333333333333333,0.5111111111111111,0.4333333333333333,0.4333333333333333,0.5222222222222223,0.6777777777777778,0.5666666666666667,0.5,0.5333333333333333,0.6,0.7,0.6777777777777778,0.7222222222222222,0.0333333333333333,0.6222222222222222,0.6888888888888889,0.3,0.7111111111111111,0.6777777777777778,0.7333333333333333,0.6888888888888889,0.8555555555555555,0.7111111111111111
31_satimage-2,0.7323943661971831,0.9014084507042254,0.9154929577464788,0.9295774647887324,0.1690140845070422,0.8028169014084506,0.7887323943661971,0.8591549295774648,0.8309859154929577,0.9014084507042254,0.8873239436619719,0.8169014084507042,0.9577464788732394,0.8732394366197183,0.2816901408450704,0.0845070422535211,0.7746478873239436,0.8169014084507042,,0.8732394366197183,0.9014084507042254,0.9154929577464788,0.9295774647887324,0.6901408450704225,0.9014084507042254,0.8732394366197183,0.9014084507042254,0.9014084507042254,0.9295774647887324,0.9295774647887324,0.7887323943661971,0.943661971830986,0.943661971830986,0.7464788732394367,0.7464788732394367,0.676056338028169,0.0140845070422535,0.9295774647887324,0.7183098591549296,0.0985915492957746,0.5211267605633803,0.8028169014084506,0.8732394366197183,0.6619718309859155,0.8873239436619719,0.704225352112676
9_census,0.1645611702127659,0.0967420212765957,0.202127659574468,0.210438829787234,0.0904255319148936,0.0,0.0,0.0172872340425531,0.1007313829787234,0.2194148936170212,0.2463430851063829,0.1266622340425532,0.2825797872340425,0.2041223404255319,0.1778590425531915,0.1416223404255319,0.241688829787234,,,0.1775265957446808,0.1838430851063829,0.1702127659574468,0.2410239361702127,0.0013297872340425,0.191156914893617,0.1851728723404255,0.077127659574468,0.1944813829787234,0.2054521276595744,0.1499335106382978,0.1815159574468085,0.1765292553191489,0.1851728723404255,0.2114361702127659,0.179188829787234,0.167220744680851,0.1904920212765957,0.1751994680851064,0.190159574468085,0.1452792553191489,0.1642287234042553,0.175531914893617,0.2376994680851064,0.2014627659574468,0.2376994680851064,0.1675531914893617
43_WDBC,0.6538461538461539,0.7692307692307693,0.8076923076923077,0.6538461538461539,0.0,0.8461538461538461,0.3846153846153846,0.8076923076923077,0.5769230769230769,0.7692307692307693,0.2307692307692307,0.8076923076923077,0.6153846153846154,0.8076923076923077,0.3461538461538461,0.0,0.9615384615384616,,,0.8076923076923077,0.9615384615384616,0.8076923076923077,0.8076923076923077,0.8461538461538461,0.9615384615384616,0.9615384615384616,0.5769230769230769,0.9615384615384616,0.9615384615384616,0.8846153846153846,1.0,0.6923076923076923,0.9615384615384616,0.6538461538461539,0.6538461538461539,0.8461538461538461,0.9230769230769232,0.8461538461538461,0.7692307692307693,0.0,0.7307692307692306,0.8076923076923077,1.0,0.8461538461538461,1.0,0.8461538461538461
46_WPBC,0.5313807531380753,0.3765690376569037,0.3430962343096234,0.4895397489539749,0.1673640167364016,0.3347280334728033,0.3682008368200836,0.4602510460251046,0.4142259414225941,0.5062761506276151,0.3389121338912134,0.4435146443514644,0.4267782426778242,0.3389121338912134,0.1882845188284518,0.3430962343096234,0.6903765690376569,,,0.401673640167364,0.3765690376569037,0.405857740585774,0.3514644351464435,0.702928870292887,0.3765690376569037,0.4142259414225941,0.309623430962343,0.3765690376569037,0.502092050209205,0.4602510460251046,0.5815899581589958,0.3933054393305439,0.4937238493723849,0.5899581589958159,0.5941422594142259,0.6652719665271967,0.401673640167364,0.5313807531380753,0.5941422594142259,0.3430962343096234,0.6317991631799164,0.6527196652719666,0.9079497907949792,0.6443514644351465,0.9079497907949792,0.6150627615062761
19_landsat,0.3975993998499624,0.4411102775693923,0.3855963990997749,0.3803450862715678,0.3915978994748688,0.3383345836459114,0.3075768942235559,0.5371342835708928,0.5213803450862715,0.5146286571642911,0.3900975243810953,0.536384096024006,0.3713428357089272,0.3398349587396849,0.374343585896474,0.3675918979744935,0.4546136534133533,,,0.2820705176294073,0.3030757689422355,0.3015753938484621,0.2018004501125281,0.5438859714928732,0.3030757689422355,0.350337584396099,0.3510877719429857,0.3023255813953488,0.2760690172543136,0.2918229557389347,0.2768192048012003,0.2985746436609152,0.3113278319579895,0.2753188297074269,0.3068267066766691,0.4028507126781695,0.3158289572393098,0.3135783945986496,0.3308327081770442,0.3975993998499624,0.3435858964741185,0.3518379594898724,0.5386346586646662,0.3600900225056264,0.5521380345086272,0.33833458364591146
27_PageBlocks,0.5941176470588235,0.4490196078431372,0.5568627450980392,0.6509803921568628,0.307843137254902,0.3666666666666666,0.492156862745098,0.6607843137254902,0.1235294117647058,0.5901960784313726,0.4529411764705882,0.6588235294117647,0.5745098039215686,0.4686274509803921,0.4372549019607843,0.3333333333333333,0.492156862745098,,,0.7019607843137254,0.6372549019607843,0.5588235294117647,0.5843137254901961,0.5725490196078431,0.6372549019607843,0.5843137254901961,0.7568627450980392,0.6372549019607843,0.6039215686274509,0.6764705882352942,0.5686274509803921,0.6509803921568628,0.6372549019607843,0.6686274509803921,0.6176470588235294,0.6235294117647059,0.0235294117647058,0.6588235294117647,0.6313725490196078,0.296078431372549,0.6058823529411764,0.615686274509804,0.6647058823529411,0.6176470588235294,0.6431372549019608,0.615686274509804
45_wine,0.96,0.6666666666666666,0.72,0.7466666666666667,0.24,0.5066666666666667,0.24,0.7866666666666666,0.6266666666666667,0.9066666666666666,0.4533333333333333,0.7866666666666666,0.5066666666666667,0.5733333333333334,0.0,0.0,0.72,,,0.88,0.5733333333333334,0.5733333333333334,0.5733333333333334,0.8266666666666667,0.5733333333333334,0.88,0.16,0.5733333333333334,1.0,1.0,1.0,1.0,1.0,1.0,1.0,1.0,0.2533333333333333,1.0,0.9466666666666668,0.0,1.0,1.0,1.0,0.96,1.0,1.0
42_WBC,0.4000000000000001,0.8857142857142857,0.9142857142857144,0.9142857142857144,0.0,0.8000000000000002,0.8000000000000002,0.3142857142857143,0.8000000000000002,0.8571428571428571,0.6,0.0571428571428571,0.5714285714285714,0.9142857142857144,0.6285714285714286,0.0,0.4857142857142857,,,0.8000000000000002,0.8571428571428571,0.9142857142857144,0.9142857142857144,0.7714285714285715,0.8571428571428571,0.7142857142857143,0.5142857142857142,0.8571428571428571,0.7428571428571429,0.7714285714285715,0.7142857142857143,0.6571428571428571,0.6571428571428571,0.4285714285714285,0.4857142857142857,0.4000000000000001,0.2285714285714285,0.6571428571428571,0.4285714285714285,0.0,0.4285714285714285,0.5428571428571428,1.0,0.4285714285714285,1.0,0.42857142857142855
17_InternetAds,0.7119565217391305,0.2282608695652173,0.4619565217391304,0.4565217391304347,0.1929347826086956,0.5,0.5,0.5163043478260869,0.2717391304347826,0.5190217391304348,0.4157608695652174,0.5461956521739131,0.3342391304347826,0.4565217391304347,0.3695652173913042,0.3668478260869566,0.5842391304347826,,,0.7336956521739132,0.654891304347826,0.3858695652173913,0.5652173913043478,0.4184782608695652,0.6630434782608695,0.7282608695652174,0.5108695652173914,0.6684782608695652,0.720108695652174,0.7146739130434783,0.7146739130434783,0.7146739130434783,0.7092391304347827,0.6413043478260869,0.6358695652173914,0.6385869565217391,0.2907608695652174,0.7119565217391305,0.6385869565217391,0.3831521739130435,0.6521739130434783,0.6684782608695652,0.5733695652173914,0.6467391304347826,0.5733695652173914,0.6440217391304348
6_cardio,0.5340909090909091,0.6761363636363636,0.7045454545454546,0.6420454545454546,0.2954545454545454,0.7045454545454546,0.7386363636363636,0.6477272727272727,0.5625,0.6193181818181818,0.6988636363636364,0.625,0.5909090909090909,0.7613636363636364,0.4375,0.6875,0.4147727272727273,,,0.6818181818181818,0.7784090909090909,0.7840909090909092,0.7670454545454546,0.5454545454545454,0.7784090909090909,0.6477272727272727,0.3465909090909091,0.7784090909090909,0.6534090909090909,0.6647727272727273,0.5795454545454546,0.6704545454545454,0.6761363636363636,0.5738636363636364,0.5909090909090909,0.5852272727272727,0.2784090909090909,0.6761363636363636,0.5795454545454546,0.6931818181818182,0.5738636363636364,0.5795454545454546,0.5113636363636364,0.5795454545454546,0.5568181818181818,0.5795454545454546
23_mammography,0.0923076923076923,0.4038461538461538,0.4192307692307693,0.4923076923076923,0.173076923076923,0.5269230769230769,0.5307692307692308,0.3846153846153846,0.1692307692307692,0.4038461538461538,0.4961538461538461,0.3846153846153846,0.0307692307692307,0.4461538461538462,0.1923076923076923,0.3692307692307692,0.2115384615384615,,,0.023076923076923,0.2692307692307692,0.3807692307692307,0.4384615384615384,0.3807692307692307,0.2692307692307692,0.3269230769230769,0.3461538461538461,0.273076923076923,0.3576923076923077,0.3346153846153846,0.3538461538461538,0.3653846153846153,0.35,0.3192307692307692,0.4115384615384615,0.3153846153846154,0.0192307692307692,0.3807692307692307,0.35,0.4038461538461538,0.3423076923076923,0.4807692307692308,0.2,0.4269230769230769,0.2538461538461538,0.3769230769230769
47_yeast,0.4891518737672584,0.4398422090729783,0.4654832347140039,0.5128205128205128,0.4595660749506903,0.4260355029585799,0.4635108481262328,0.4871794871794871,0.4437869822485207,0.4674556213017751,0.4832347140039448,0.4773175542406311,0.4595660749506903,0.4339250493096647,0.4654832347140039,0.4891518737672584,0.5266272189349113,,,0.4595660749506903,0.4536489151873767,0.4299802761341222,0.4378698224852071,0.9171597633136096,0.4536489151873767,0.4773175542406311,0.4319526627218935,0.4536489151873767,0.4615384615384615,0.4694280078895463,0.4871794871794871,0.4733727810650887,0.4575936883629191,0.504930966469428,0.4970414201183432,0.4970414201183432,0.5207100591715976,0.4714003944773176,0.5069033530571992,0.4911242603550296,0.52465483234714,0.4595660749506903,0.4891518737672584,0.4753451676528599,0.4970414201183432,0.4812623274161736
4_breastw,0.7988505747126436,0.971264367816092,0.9798850574712644,0.9597701149425288,0.3850574712643678,0.9683908045977012,0.9511494252873564,0.8505747126436781,0.9683908045977012,0.9597701149425288,0.9626436781609196,0.9080459770114944,0.9511494252873564,0.9626436781609196,0.8706896551724138,0.0862068965517241,0.9166666666666666,,,0.956896551724138,0.9482758620689656,0.956896551724138,0.956896551724138,0.9655172413793104,0.9482758620689656,0.913793103448276,0.1264367816091954,0.9482758620689656,0.9195402298850576,0.9396551724137931,0.8074712643678161,0.942528735632184,0.9224137931034484,0.9540229885057472,0.8793103448275863,0.9339080459770116,0.0890804597701149,0.8706896551724138,0.9511494252873564,0.0862068965517241,0.9396551724137931,0.8994252873563219,0.9597701149425288,0.8793103448275863,0.9626436781609196,0.8764367816091954
22_magic.gamma,0.729665071770335,0.6888456937799043,0.683761961722488,0.6924342105263158,0.6079545454545454,0.6285885167464115,0.597188995215311,0.7728767942583732,0.6719497607655502,0.7616626794258372,0.642494019138756,0.7607655502392345,0.677183014354067,0.6519138755980861,0.6797248803827751,0.4620215311004784,0.5931519138755981,,,0.6275418660287081,0.7272727272727273,0.7055921052631579,0.6777811004784688,0.7830442583732059,0.7269736842105263,0.7654007177033493,0.6901913875598086,0.7274222488038278,0.7905203349282297,0.767194976076555,0.7997906698564592,0.7606160287081339,0.7803528708133971,0.777811004784689,0.7926136363636364,0.7926136363636364,0.6571471291866029,0.7857356459330144,0.7936602870813397,0.4582834928229665,0.7962021531100478,0.8172846889952153,0.7005083732057417,0.7988935406698564,0.7286184210526316,0.8127990430622009
12_fault,0.6240713224368499,0.5393759286775631,0.5512630014858841,0.5616641901931649,0.5601783060921248,0.5081723625557206,0.5156017830609212,0.5066864784546805,0.5364041604754829,0.5557206537890045,0.4962852897473997,0.5066864784546805,0.5601783060921248,0.5527488855869243,0.612184249628529,0.5527488855869243,0.5676077265973254,,,0.612184249628529,0.5943536404160475,0.5676077265973254,0.5705794947994056,0.9420505200594352,0.5943536404160475,0.5884101040118871,0.5780089153046062,0.5943536404160475,0.5512630014858841,0.5572065378900446,0.5423476968796433,0.586924219910847,0.5512630014858841,0.5349182763744428,0.5527488855869243,0.5349182763744428,0.4918276374442793,0.5557206537890045,0.5527488855869243,0.5527488855869243,0.5572065378900446,0.5468053491827637,0.5735512630014858,0.5408618127786032,0.5616641901931649,0.5364041604754829
2_annthyroid,0.5749063670411985,0.5037453183520599,0.5355805243445693,0.5318352059925093,0.1385767790262172,0.3164794007490636,0.3838951310861423,0.548689138576779,0.3595505617977528,0.6198501872659176,0.4138576779026217,0.49625468164794,0.5037453183520599,0.5,0.4119850187265917,0.3970037453183521,0.1797752808988764,,,0.6404494382022472,0.6554307116104869,0.4887640449438202,0.5093632958801498,0.3183520599250936,0.653558052434457,0.5786516853932584,0.3183520599250936,0.651685393258427,0.6142322097378277,0.548689138576779,0.5337078651685393,0.6423220973782772,0.6779026217228464,0.7546816479400749,0.7546816479400749,0.752808988764045,0.0056179775280898,0.6910112359550562,0.7509363295880148,0.3651685393258427,0.7734082397003746,0.7734082397003746,0.5,0.7752808988764045,0.5468164794007491,0.7790262172284643
25_musk,1.0,0.3917525773195876,1.0,1.0,0.2474226804123711,0.8762886597938144,0.9278350515463918,1.0,1.0,1.0,0.9484536082474226,1.0,0.7835051546391752,1.0,0.2268041237113402,0.9175257731958762,1.0,,,1.0,1.0,1.0,0.9896907216494846,1.0,1.0,1.0,1.0,1.0,1.0,1.0,1.0,1.0,1.0,1.0,1.0,1.0,0.8659793814432989,1.0,1.0,0.9072164948453608,1.0,1.0,0.7422680412371134,1.0,0.7422680412371134,1.0
30_satellite,0.7303536345776032,0.6768172888015717,0.6733791748526523,0.6394891944990176,0.5112966601178782,0.6070726915520629,0.5663064833005894,0.7259332023575639,0.7598231827111984,0.7180746561886051,0.6507858546168959,0.7264243614931237,0.7229862475442044,0.6267190569744597,0.5044204322200393,0.6213163064833006,0.6409626719056974,,,0.7259332023575639,0.712671905697446,0.6542239685658153,0.6213163064833006,0.9577603143418468,0.712671905697446,0.7205304518664049,0.599705304518664,0.7131630648330057,0.7097249508840866,0.7200392927308448,0.6714145383104125,0.712671905697446,0.7057956777996071,0.7337917485265226,0.7347740667976425,0.7043222003929273,0.4228880157170923,0.7200392927308448,0.7013752455795678,0.6173870333988212,0.7224950884086443,0.7441060903732809,0.75,0.7205304518664049,0.7382121807465619,0.7283889980353635
35_SpamBase,0.718880285884455,0.7974985110184634,0.7855866587254319,0.7873734365693865,0.4997022036926742,0.7159023228111971,0.6950565812983919,0.7093508040500299,0.7492555092316855,0.8052412150089339,0.7325789160214412,0.7397260273972603,0.7671232876712328,0.7849910661107802,0.6259678379988088,0.4895771292435973,0.7206670637284097,,,0.7552114353782013,0.7278141751042287,0.7802263251935677,0.7790351399642643,0.8659916617033949,0.7278141751042287,0.7111375818939845,0.3978558665872543,0.7278141751042287,0.7986896962477664,0.7492555092316855,0.7945205479452053,0.7421083978558666,0.764145324597975,0.8010720667063729,0.8028588445503276,0.8004764740917212,0.3561643835616438,0.7832042882668256,0.8046456223942822,0.4937462775461584,0.8153662894580107,0.8064324002382369,0.790946992257296,0.8082191780821918,0.8201310303752234,0.8070279928528886
29_Pima,0.6920980926430518,0.7138964577656675,0.7111716621253404,0.7275204359673025,0.4931880108991825,0.6457765667574932,0.6049046321525886,0.7220708446866485,0.7166212534059946,0.7302452316076294,0.670299727520436,0.7057220708446866,0.7275204359673025,0.7247956403269756,0.553133514986376,0.3760217983651226,0.5231607629427792,,,0.7275204359673025,0.7029972752043597,0.7029972752043597,0.7247956403269756,0.871934604904632,0.7029972752043597,0.6920980926430518,0.5640326975476839,0.7029972752043597,0.7002724795640327,0.7084468664850136,0.670299727520436,0.7166212534059946,0.7057220708446866,0.7138964577656675,0.7111716621253404,0.7002724795640327,0.4550408719346049,0.7029972752043597,0.7111716621253404,0.3732970027247957,0.6893732970027248,0.6975476839237057,0.7574931880108992,0.6866485013623979,0.7356948228882834,0.7138964577656675
24_mnist,0.56,0.4942857142857143,0.6428571428571429,0.6614285714285715,0.3157142857142857,0.0,0.0,0.69,0.2414285714285714,0.7185714285714285,0.3885714285714285,0.7142857142857143,0.5828571428571429,0.6385714285714286,0.4285714285714285,0.4557142857142857,0.4071428571428571,,,0.6685714285714286,0.6842857142857143,0.6414285714285715,0.6842857142857143,0.2542857142857143,0.6842857142857143,0.6014285714285714,0.5085714285714286,0.6842857142857143,0.6185714285714285,0.63,0.5742857142857143,0.6228571428571429,0.6557142857142857,0.6185714285714285,0.62,0.6214285714285714,0.2628571428571428,0.5542857142857143,0.6471428571428571,0.4757142857142857,0.5771428571428572,0.65,0.6457142857142857,0.59,0.6457142857142857,0.6114285714285714
10_cover,0.6136363636363636,0.1074380165289256,0.2417355371900826,0.140495867768595,0.0475206611570247,0.1921487603305785,0.2355371900826446,0.8388429752066116,0.1115702479338843,0.621900826446281,0.3760330578512397,0.7995867768595041,0.0371900826446281,0.1570247933884297,0.0392561983471074,0.0,0.0681818181818181,,,0.365702479338843,0.7169421487603306,0.0351239669421487,0.371900826446281,0.5847107438016529,0.7128099173553719,0.7830578512396694,0.3140495867768595,0.7169421487603306,0.7417355371900827,0.7851239669421488,0.7954545454545455,0.7623966942148761,0.7954545454545455,0.7479338842975206,0.7396694214876033,,0.0557851239669421,0.7706611570247934,0.6756198347107438,0.0,0.6260330578512396,0.7417355371900827,0.268595041322314,0.7128099173553719,0.5578512396694215,0.6900826446280992
34_smtp,0.0,0.0,0.7058823529411765,0.7058823529411765,,0.0,0.7058823529411765,0.0,0.0,0.7058823529411765,0.1176470588235294,0.7058823529411765,0.0,0.7058823529411765,,,0.0,,,0.0,0.1764705882352941,0.7058823529411765,0.7058823529411765,0.4117647058823529,0.1764705882352941,0.0,0.0,0.1764705882352941,0.2352941176470588,0.3529411764705882,0.0,0.0,0.0,0.7058823529411765,0.7058823529411765,,0.3529411764705882,0.0,0.7058823529411765,,0.7058823529411765,0.7058823529411765,0.0,0.7058823529411765,0.7058823529411765,0.7058823529411765
3_backdoor,0.8783570300157977,0.0481832543443917,0.0821484992101105,0.0734597156398104,,0.0,0.0,0.6721958925750395,0.0616113744075829,0.5513428120063191,0.0039494470774091,0.7559241706161137,0.0379146919431279,0.0916271721958925,,,0.7898894154818326,,,0.3562401263823064,0.5592417061611374,0.1334913112164297,0.0947867298578199,0.0,0.5608214849921012,0.8736176935229067,0.8617693522906793,0.3965244865718799,0.7385466034755134,0.4312796208530806,0.876777251184834,0.7630331753554502,0.7464454976303316,0.80173775671406,0.7930489731437599,,0.7693522906793049,0.8617693522906793,0.7180094786729859,,0.8428120063191153,0.7519747235387045,0.8783570300157977,0.839652448657188,0.8783570300157977,0.8404423380726699
18_Ionosphere,0.8888888888888888,0.8428184281842819,0.907859078590786,0.8834688346883469,,0.7289972899728997,0.6802168021680217,0.8428184281842819,0.7018970189701897,0.8834688346883469,0.7723577235772358,0.8373983739837398,0.8807588075880759,0.8184281842818428,,,0.9159891598915988,,,0.926829268292683,0.943089430894309,0.8292682926829268,0.902439024390244,0.8536585365853658,0.943089430894309,0.9159891598915988,0.8075880758807588,0.943089430894309,0.8997289972899729,0.8997289972899729,0.902439024390244,0.9214092140921408,0.8861788617886179,0.8888888888888888,0.8888888888888888,,0.3848238482384823,0.8943089430894309,0.8915989159891599,,0.8915989159891599,0.8943089430894309,0.9214092140921408,0.8915989159891599,0.9214092140921408,
44_Wilt,0.4863813229571984,0.0194552529182879,0.0116731517509727,0.0077821011673151,,0.0155642023346303,0.0428015564202334,0.0583657587548638,0.0,0.0233463035019455,0.0077821011673151,0.1673151750972762,0.0778210116731517,0.0155642023346303,,,0.0038910505836575,,,0.159533073929961,0.0272373540856031,0.0389105058365758,0.0155642023346303,0.0,0.0272373540856031,0.2295719844357976,0.1712062256809338,0.0272373540856031,0.1167315175097276,0.0583657587548638,0.3696498054474708,0.0583657587548638,0.1011673151750972,0.2217898832684824,0.1673151750972762,,0.0038910505836575,0.1167315175097276,0.11284046692607,,0.2178988326848249,0.1206225680933852,0.3813229571984435,0.3190661478599221,0.3385214007782101,
13_fraud,0.5769230769230769,0.2435897435897435,0.3974358974358974,0.3461538461538461,,0.4230769230769231,0.3461538461538461,0.6538461538461539,0.358974358974359,0.4871794871794871,0.3076923076923077,0.5641025641025641,0.5128205128205128,0.3461538461538461,,,0.6923076923076923,,,0.6153846153846154,0.6153846153846154,0.6794871794871795,0.4102564102564102,0.3333333333333333,0.6282051282051282,0.5128205128205128,0.3076923076923077,0.6282051282051282,0.7307692307692306,0.6923076923076923,0.5512820512820513,0.6923076923076923,0.7435897435897437,0.7307692307692306,0.358974358974359,,0.0384615384615384,0.7564102564102565,0.5641025641025641,,0.5384615384615384,0.7435897435897437,0.4743589743589743,0.7307692307692306,0.5897435897435898,
21_Lymphography,1.0,0.7727272727272727,1.0,0.8863636363636365,,0.8636363636363636,0.7727272727272727,0.7272727272727273,0.8636363636363636,0.8863636363636365,0.2727272727272727,0.7272727272727273,0.8409090909090909,0.8863636363636365,,,0.8863636363636365,,,1.0,1.0,1.0,1.0,1.0,1.0,1.0,0.7727272727272727,1.0,1.0,1.0,1.0,1.0,1.0,0.0681818181818181,0.7727272727272727,,0.8863636363636365,1.0,0.75,,0.6590909090909091,0.6363636363636364,1.0,0.6363636363636364,1.0,
1_ALOI,0.0450928381962864,0.0437665782493368,0.0729442970822281,0.0663129973474801,,0.0457559681697612,0.0444297082228116,0.0895225464190981,0.0742705570291777,0.0590185676392572,0.0603448275862069,0.0815649867374005,0.0324933687002652,0.0762599469496021,,,0.0510610079575596,,,0.0384615384615384,0.04973474801061,0.0590185676392572,0.0689655172413793,0.0238726790450928,0.0503978779840848,0.0477453580901856,0.0424403183023872,0.0490716180371352,0.0623342175066313,0.0470822281167108,0.0590185676392572,0.0470822281167108,0.0503978779840848,0.0477453580901856,0.046419098143236,,0.0881962864721485,0.0576923076923076,0.0411140583554376,,0.0404509283819628,0.0457559681697612,0.039787798408488,0.0424403183023872,0.0470822281167108,
11_donors,0.9745370370370372,0.4064153439153439,0.4027777777777778,0.4861111111111111,,0.412037037037037,0.4451058201058201,0.3647486772486772,0.2384259259259259,0.953042328042328,0.0013227513227513,0.7519841269841271,0.460978835978836,0.3845899470899471,,,0.0026455026455026,,,0.9232804232804231,0.935515873015873,0.3257275132275132,0.542989417989418,0.9014550264550264,0.9328703703703703,0.9738756613756614,0.8713624338624338,0.9322089947089948,0.9513888888888888,0.9292328042328042,0.9662698412698412,0.9246031746031746,0.929563492063492,0.7503306878306878,0.7701719576719577,,0.3333333333333333,0.939484126984127,0.8773148148148148,,0.876984126984127,0.8991402116402116,0.9613095238095238,0.9014550264550264,0.9639550264550264,
20_letter,0.02,0.03,0.01,0.01,,0.04,0.09,0.08,0.06,0.01,0.02,0.1,0.03,0.01,,,0.05,,,0.04,0.04,0.02,0.02,0.0,0.04,0.05,0.28,0.04,0.0,0.04,0.01,0.04,0.01,0.04,0.04,,0.11,0.01,0.04,,0.04,0.04,0.07,0.04,0.06,
15_Hepatitis,0.8117647058823529,0.5588235294117647,0.6352941176470588,0.7529411764705881,,0.5411764705882353,0.3588235294117647,0.5823529411764706,0.5941176470588235,0.8588235294117647,0.611764705882353,0.5823529411764706,0.6823529411764706,0.611764705882353,,,0.9352941176470588,,,0.6176470588235294,0.5823529411764706,0.5647058823529412,0.5470588235294118,0.6058823529411764,0.5823529411764706,0.8294117647058825,0.1588235294117647,0.5823529411764706,0.976470588235294,0.8529411764705882,1.0,0.7588235294117647,0.9411764705882352,0.9117647058823528,0.9117647058823528,,0.376470588235294,0.9176470588235294,0.9411764705882352,,0.9411764705882352,0.9411764705882352,1.0,0.9411764705882352,1.0,
5_campaign,0.4073275862068966,0.4336206896551724,0.4959051724137931,0.4948275862068965,,0.4926724137931034,0.4838362068965517,0.4435344827586206,0.4790948275862069,0.5036637931034482,0.3275862068965517,0.4224137931034483,0.4556034482758621,0.4883620689655172,,,0.4370689655172414,,,0.4551724137931034,0.4547413793103448,0.4396551724137931,0.4825431034482759,0.0,0.4545258620689655,0.4204741379310345,0.4297413793103448,0.4519396551724138,0.4650862068965517,0.4239224137931034,0.3709051724137931,0.4702586206896552,0.4545258620689655,0.509051724137931,0.4853448275862069,,0.4418103448275862,0.4814655172413793,0.4905172413793103,,0.5060344827586207,0.5064655172413793,0.5125,0.5079741379310345,0.5084051724137931,
33_skin,0.898905283198477,0.7783912422655878,0.7992384578772014,0.8126606377915279,,0.2064731080437886,0.2253212755830556,0.6104712041884817,0.584007615421228,0.9677296525464064,0.4113279390766301,0.733174678724417,0.7658257972394098,0.3843883864826273,,,0.3864826273203237,,,0.8772013326987149,0.9161351737267968,0.8216087577344122,0.8213231794383626,0.7692527367920038,0.9159447881960971,0.9008091385054736,0.7603998096144693,0.9178486435030938,0.9315564017134698,0.9332698714897668,0.9203236554021894,0.9261304140885293,0.934316991908615,0.8378867206092337,0.8442646358876725,,0.3121370775821037,0.9187053783912422,0.8250356972870062,,0.8204664445502142,0.8147548786292241,0.0032365540218943,0.8093288910042836,0.7069966682532127,
28_pendigits,0.0641025641025641,0.6474358974358975,0.532051282051282,0.4935897435897436,,0.3525641025641026,0.4358974358974359,0.8333333333333334,0.4102564102564102,0.903846153846154,0.4807692307692308,0.7628205128205128,0.141025641025641,0.4423076923076923,,,0.141025641025641,,,0.0384615384615384,0.5128205128205128,0.3461538461538461,0.4551282051282051,0.3012820512820512,0.5128205128205128,0.6474358974358975,0.3333333333333333,0.5128205128205128,0.8846153846153846,0.6474358974358975,0.7692307692307693,0.6282051282051282,0.8397435897435898,0.6217948717948718,0.5769230769230769,,0.1153846153846153,0.8461538461538461,0.6282051282051282,,0.6282051282051282,0.6602564102564102,0.5705128205128205,0.5769230769230769,0.7948717948717948,
7_Cardiotocography,0.3733905579399141,0.5386266094420601,0.5793991416309013,0.5300429184549357,,0.482832618025751,0.628755364806867,0.4806866952789699,0.4141630901287553,0.463519313304721,0.5042918454935622,0.482832618025751,0.3605150214592274,0.6158798283261803,,,0.4613733905579399,,,0.4656652360515021,0.5257510729613734,0.6030042918454935,0.5879828326180258,0.5171673819742489,0.5257510729613734,0.4334763948497854,0.4914163090128755,0.5257510729613734,0.4399141630901287,0.4463519313304721,0.3841201716738197,0.4721030042918455,0.4420600858369098,0.3648068669527897,0.4184549356223176,,0.223175965665236,0.4227467811158798,0.3948497854077253,,0.4055793991416309,0.4270386266094421,0.4270386266094421,0.4012875536480687,0.334763948497854,
14_glass,0.4047619047619047,0.1904761904761904,0.1904761904761904,0.3095238095238095,,0.1904761904761904,0.1904761904761904,0.2619047619047619,0.3333333333333333,0.3809523809523809,0.1904761904761904,0.2619047619047619,0.1904761904761904,0.1904761904761904,,,0.6666666666666666,,,0.2142857142857142,0.2619047619047619,0.1904761904761904,0.1904761904761904,0.1904761904761904,0.2619047619047619,0.2619047619047619,0.1904761904761904,0.2619047619047619,0.4047619047619047,0.4047619047619047,0.4047619047619047,0.4047619047619047,0.4047619047619047,0.2619047619047619,0.3095238095238095,,0.4047619047619047,0.4047619047619047,0.3571428571428571,,0.2619047619047619,0.2619047619047619,0.9047619047619048,0.3095238095238095,0.9047619047619048,
39_vertebral,0.3414634146341463,0.1544715447154471,0.2276422764227642,0.2764227642276423,,0.0,0.1382113821138211,0.2357723577235772,0.040650406504065,0.3008130081300813,0.016260162601626,0.3008130081300813,0.2032520325203252,0.1544715447154471,,,0.1788617886178861,,,0.2682926829268293,0.2276422764227642,0.1544715447154471,0.1544715447154471,0.0,0.2276422764227642,0.2682926829268293,0.1544715447154471,0.2276422764227642,0.1382113821138211,0.3089430894308943,0.3658536585365853,0.3089430894308943,0.3089430894308943,0.4471544715447154,0.4552845528455284,,0.032520325203252,0.2357723577235772,0.4715447154471545,,0.4471544715447154,0.4227642276422765,0.6178861788617886,0.4715447154471545,0.7560975609756099,
SVHN_7,,0.227891156462585,0.238095238095238,0.2414965986394557,,0.0,0.0,0.2244897959183673,0.2108843537414966,0.238095238095238,0.1768707482993197,0.2210884353741496,0.1428571428571428,0.238095238095238,,,0.1564625850340136,,,,,,,,0.227891156462585,,,,0.2210884353741496,0.2346938775510204,0.2176870748299319,0.227891156462585,0.2244897959183673,0.2142857142857142,0.2176870748299319,,0.173469387755102,0.2108843537414966,0.2210884353741496,,0.2176870748299319,0.2210884353741496,0.2210884353741496,0.227891156462585,0.2210884353741496,
MVTec-AD_tile,,0.7092511013215859,0.6872246696035242,0.6872246696035242,,0.6563876651982379,0.6563876651982379,0.7224669603524229,0.7224669603524229,0.7180616740088106,0.6740088105726872,0.7224669603524229,0.7533039647577092,0.6960352422907489,,,0.8458149779735682,,,,,,,,0.7312775330396476,,,,0.801762114537445,0.801762114537445,0.8105726872246696,0.7841409691629956,0.7885462555066078,0.8237885462555066,0.8061674008810573,,0.6475770925110133,0.7797356828193832,0.801762114537445,,0.8061674008810573,0.8149779735682819,0.8810572687224669,0.7885462555066078,0.8810572687224669,
MVTec-AD_transistor,,0.5043478260869565,0.417391304347826,0.391304347826087,,0.0,0.0,0.3478260869565217,0.408695652173913,0.4000000000000001,0.4695652173913043,0.3478260869565217,0.5130434782608696,0.417391304347826,,,0.6434782608695652,,,,,,,,0.3478260869565217,,,,0.6347826086956522,0.5652173913043478,0.6869565217391305,0.5391304347826087,0.6521739130434783,0.6347826086956522,0.6521739130434783,,0.408695652173913,0.6695652173913044,0.6869565217391305,,0.6695652173913044,0.6782608695652174,0.7217391304347827,0.6782608695652174,0.7217391304347827,
CIFAR10_9,,0.2319391634980988,0.2737642585551331,0.2737642585551331,,0.0,0.0,0.3269961977186312,0.1977186311787072,0.2775665399239543,0.2243346007604562,0.3155893536121673,0.1749049429657794,0.2661596958174905,,,0.1749049429657794,,,,,,,,0.3231939163498099,,,,0.3193916349809886,0.3155893536121673,0.3193916349809886,0.3193916349809886,0.3041825095057034,0.2813688212927757,0.2775665399239543,,0.1787072243346007,0.3269961977186312,0.2965779467680608,,0.2965779467680608,0.3041825095057034,0.2205323193916349,0.2927756653992395,0.2205323193916349,
FashionMNIST_3,,0.419047619047619,0.5428571428571428,0.5396825396825397,,0.0,0.0,0.6,0.2825396825396825,0.5492063492063493,0.3523809523809524,0.6095238095238096,0.3333333333333333,0.5396825396825397,,,0.4349206349206349,,,,,,,,0.5968253968253968,,,,0.5904761904761905,0.6031746031746031,0.5777777777777777,0.5841269841269842,0.5936507936507937,0.5111111111111111,0.5238095238095238,,0.3873015873015873,0.5968253968253968,0.5650793650793651,,0.5492063492063493,0.580952380952381,0.5904761904761905,0.5587301587301587,0.5904761904761905,
CIFAR10_2,,0.1444866920152091,0.1634980988593156,0.1711026615969581,,0.1292775665399239,0.1292775665399239,0.1901140684410646,0.1064638783269961,0.1673003802281368,0.1634980988593156,0.1977186311787072,0.1406844106463878,0.1634980988593156,,,0.1140684410646387,,,,,,,,0.1749049429657794,,,,0.1901140684410646,0.182509505703422,0.1787072243346007,0.1749049429657794,0.1596958174904943,0.1596958174904943,0.1749049429657794,,0.1292775665399239,0.182509505703422,0.1711026615969581,,0.182509505703422,0.1863117870722433,0.1673003802281368,0.1711026615969581,0.1673003802281368,
MVTec-AD_leather,,0.9536679536679536,0.945945945945946,0.9498069498069498,,0.7876447876447877,0.7876447876447877,0.945945945945946,0.9227799227799228,0.945945945945946,0.9343629343629344,0.942084942084942,0.942084942084942,0.9498069498069498,,,0.942084942084942,,,,,,,,0.972972972972973,,,,0.972972972972973,0.9613899613899614,0.972972972972973,0.972972972972973,0.972972972972973,0.9536679536679536,0.9613899613899614,,0.7644787644787645,0.972972972972973,0.9691119691119692,,0.9613899613899614,0.9613899613899614,0.972972972972973,0.9613899613899614,0.972972972972973,
SVHN_0,,0.1538461538461538,0.15,0.1653846153846153,,0.0,0.0,0.1769230769230769,0.1038461538461538,0.1615384615384615,0.1461538461538461,0.173076923076923,0.1346153846153846,0.1423076923076923,,,0.15,,,,,,,,0.1884615384615384,,,,0.173076923076923,0.1923076923076923,0.1961538461538461,0.1769230769230769,0.1846153846153846,0.1692307692307692,0.1653846153846153,,0.2153846153846153,0.1923076923076923,0.173076923076923,,0.173076923076923,0.1884615384615384,0.1961538461538461,0.173076923076923,0.1961538461538461,
SVHN_1,,0.174,0.186,0.178,,0.0,0.0,0.152,0.18,0.182,0.158,0.142,0.18,0.186,,,0.16,,,,,,,,0.194,,,,0.196,0.208,0.184,0.19,0.194,0.17,0.174,,0.102,0.202,0.182,,0.174,0.188,0.17,0.186,0.17,
FashionMNIST_4,,0.2952380952380952,0.473015873015873,0.4698412698412698,,0.0,0.0,0.5650793650793651,0.1174603174603174,0.5047619047619047,0.4222222222222222,0.5650793650793651,0.4063492063492063,0.4698412698412698,,,0.3746031746031746,,,,,,,,0.5365079365079365,,,,0.5396825396825397,0.5428571428571428,0.5523809523809524,0.5428571428571428,0.5333333333333333,0.5301587301587302,0.5206349206349207,,0.2476190476190476,0.5396825396825397,0.5142857142857142,,0.5174603174603175,0.5428571428571428,0.5873015873015873,0.526984126984127,0.5873015873015873,
MNIST-C_impulse_noise,,0.93,0.978,0.972,,0.0,0.0,0.974,0.542,0.974,0.976,0.972,0.682,0.972,,,0.95,,,,,,,,0.98,,,,0.98,0.98,0.98,0.98,0.982,0.942,0.954,,0.962,0.978,0.966,,0.906,0.884,0.98,0.88,0.98,
MNIST-C_translate,,0.144,0.192,0.196,,0.0,0.0,0.32,0.092,0.234,0.164,0.326,0.12,0.186,,,0.2,,,,,,,,0.346,,,,0.372,0.326,0.416,0.336,0.356,0.28,0.284,,0.228,0.38,0.304,,0.3,0.326,0.326,0.312,0.326,
FashionMNIST_8,,0.2158730158730158,0.2603174603174603,0.273015873015873,,0.0,0.0,0.4063492063492063,0.1746031746031746,0.3047619047619048,0.2158730158730158,0.4063492063492063,0.1841269841269841,0.2412698412698412,,,0.2285714285714285,,,,,,,,0.3555555555555555,,,,0.3555555555555555,0.4063492063492063,0.4031746031746031,0.3777777777777777,0.3777777777777777,0.326984126984127,0.2984126984126984,,0.3619047619047619,0.3682539682539682,0.326984126984127,,0.2984126984126984,0.3174603174603174,0.3492063492063492,0.3555555555555555,0.3492063492063492,
SVHN_8,,0.1358490566037735,0.1660377358490566,0.1811320754716981,,0.0,0.0,0.2,0.0830188679245283,0.1735849056603773,0.1320754716981132,0.2037735849056604,0.1283018867924528,0.1622641509433962,,,0.1622641509433962,,,,,,,,0.2188679245283019,,,,0.2113207547169811,0.2264150943396226,0.2226415094339622,0.2113207547169811,0.2150943396226415,0.2075471698113207,0.2113207547169811,,0.1660377358490566,0.2150943396226415,0.2075471698113207,,0.2113207547169811,0.2150943396226415,0.2037735849056604,0.2188679245283019,0.2037735849056604,
MVTec-AD_zipper,,0.6819672131147541,0.7245901639344262,0.7868852459016392,,0.9344262295081968,0.9344262295081968,0.7737704918032787,0.6885245901639344,0.760655737704918,0.6557377049180327,0.7770491803278688,0.8557377049180328,0.7016393442622951,,,0.8360655737704918,,,,,,,,0.7868852459016392,,,,0.8590163934426228,0.8295081967213115,0.8360655737704918,0.8590163934426228,0.8688524590163934,0.8786885245901639,0.8557377049180328,,0.5901639344262295,0.8229508196721311,0.8655737704918033,,0.8721311475409836,0.8885245901639345,0.8852459016393442,0.8852459016393442,0.8852459016393442,
MVTec-AD_bottle,,0.916279069767442,0.9069767441860463,0.9069767441860463,,0.5953488372093023,0.5953488372093023,0.9209302325581395,0.9069767441860463,0.9069767441860463,0.916279069767442,0.9209302325581395,0.9302325581395348,0.9069767441860463,,,0.944186046511628,,,,,,,,0.9302325581395348,,,,0.9302325581395348,0.9395348837209302,0.9395348837209302,0.9348837209302324,0.9302325581395348,0.916279069767442,0.9116279069767442,,0.213953488372093,0.9302325581395348,0.9209302325581395,,0.9302325581395348,0.9209302325581395,0.9395348837209302,0.9302325581395348,0.9395348837209302,
FashionMNIST_0,,0.3904761904761905,0.4952380952380952,0.4984126984126984,,0.0,0.0,0.5777777777777777,0.2761904761904762,0.5396825396825397,0.2793650793650793,0.580952380952381,0.2222222222222222,0.4857142857142857,,,0.3936507936507936,,,,,,,,0.5841269841269842,,,,0.5619047619047619,0.5746031746031746,0.5650793650793651,0.5841269841269842,0.6,0.4857142857142857,0.492063492063492,,0.2761904761904762,0.5555555555555556,0.492063492063492,,0.5015873015873016,0.5015873015873016,0.5555555555555556,0.5333333333333333,0.5555555555555556,
CIFAR10_6,,0.1749049429657794,0.2281368821292775,0.2547528517110266,,0.1711026615969581,0.1749049429657794,0.2851711026615969,0.1482889733840304,0.2433460076045627,0.2433460076045627,0.2775665399239543,0.1787072243346007,0.2319391634980988,,,0.1711026615969581,,,,,,,,0.2965779467680608,,,,0.2775665399239543,0.2889733840304182,0.3003802281368821,0.2965779467680608,0.2737642585551331,0.2699619771863117,0.2281368821292775,,0.155893536121673,0.2813688212927757,0.2357414448669201,,0.2585551330798479,0.2433460076045627,0.1939163498098859,0.2623574144486692,0.1939163498098859,
MNIST-C_stripe,,0.868,0.93,0.93,,0.0,0.0,0.954,0.662,0.942,0.918,0.952,0.772,0.926,,,0.802,,,,,,,,0.948,,,,0.95,0.952,0.944,0.946,0.948,0.92,0.922,,0.906,0.95,0.908,,0.904,0.892,0.96,0.924,0.96,
MNIST-C_spatter,,0.416,0.47,0.476,,0.0,0.0,0.62,0.292,0.528,0.298,0.62,0.338,0.462,,,0.404,,,,,,,,0.63,,,,0.624,0.592,0.602,0.604,0.598,0.484,0.47,,0.49,0.628,0.55,,0.506,0.56,0.562,0.558,0.562,
FashionMNIST_1,,0.6158730158730159,0.7301587301587301,0.7555555555555555,,0.0,0.0,0.7873015873015873,0.4063492063492063,0.7587301587301587,0.7142857142857143,0.7714285714285715,0.3333333333333333,0.7301587301587301,,,0.653968253968254,,,,,,,,0.7841269841269841,,,,0.780952380952381,0.7746031746031746,0.7746031746031746,0.7841269841269841,0.7777777777777778,0.7111111111111111,0.7174603174603176,,0.4698412698412698,0.7841269841269841,0.7333333333333333,,0.726984126984127,0.7333333333333333,0.7619047619047619,0.7238095238095238,0.7619047619047619,
MNIST-C_fog,,0.404,0.562,0.572,,0.0,0.0,0.722,0.152,0.61,0.626,0.722,0.352,0.546,,,0.448,,,,,,,,0.732,,,,0.754,0.698,0.744,0.714,0.734,0.612,0.596,,0.57,0.738,0.674,,0.614,0.644,0.7100000000000001,0.612,0.7100000000000001,
MNIST-C_glass_blur,,0.564,0.698,0.702,,0.0,0.0,0.796,0.388,0.736,0.558,0.782,0.226,0.686,,,0.516,,,,,,,,0.826,,,,0.81,0.8119999999999999,0.824,0.822,0.798,0.732,0.7419999999999999,,0.724,0.798,0.75,,0.736,0.76,0.7699999999999999,0.752,0.7699999999999999,
CIFAR10_3,,0.1140684410646387,0.1673003802281368,0.1673003802281368,,0.1026615969581749,0.11787072243346,0.182509505703422,0.0836501901140684,0.1596958174904943,0.1330798479087452,0.1901140684410646,0.1026615969581749,0.1634980988593156,,,0.0874524714828897,,,,,,,,0.1787072243346007,,,,0.1634980988593156,0.1711026615969581,0.155893536121673,0.1596958174904943,0.1673003802281368,0.1406844106463878,0.1596958174904943,,0.1634980988593156,0.1787072243346007,0.155893536121673,,0.1406844106463878,0.155893536121673,0.1254752851711026,0.1596958174904943,0.1254752851711026,
MVTec-AD_pill,,0.6210191082802548,0.6242038216560509,0.6401273885350318,,0.9554140127388536,0.9554140127388536,0.6528662420382165,0.6496815286624203,0.6719745222929936,0.6496815286624203,0.6496815286624203,0.7006369426751592,0.643312101910828,,,0.7070063694267515,,,,,,,,0.6369426751592356,,,,0.7070063694267515,0.697452229299363,0.6719745222929936,0.7229299363057324,0.6687898089171974,0.7388535031847133,0.7165605095541401,,0.5286624203821656,0.6751592356687898,0.6592356687898089,,0.7643312101910829,0.7324840764331211,0.8057324840764332,0.7388535031847133,0.8057324840764332,
FashionMNIST_7,,0.8126984126984127,0.8253968253968254,0.8253968253968254,,0.0,0.0,0.8285714285714286,0.7333333333333333,0.8253968253968254,0.8222222222222222,0.8253968253968254,0.4952380952380952,0.8253968253968254,,,0.8126984126984127,,,,,,,,0.834920634920635,,,,0.834920634920635,0.8285714285714286,0.8317460317460317,0.8317460317460317,0.8317460317460317,0.7206349206349207,0.815873015873016,,0.6666666666666666,0.8412698412698413,0.815873015873016,,0.819047619047619,0.7873015873015873,0.8253968253968254,0.819047619047619,0.8253968253968254,
MVTec-AD_screw,,0.5125,0.5083333333333333,0.5666666666666667,,0.7125,0.7125,0.5458333333333333,0.475,0.5041666666666667,0.4041666666666667,0.5625,0.6,0.4875,,,0.6208333333333333,,,,,,,,0.55,,,,0.6125,0.5583333333333333,0.6541666666666667,0.5333333333333333,0.5416666666666666,0.6208333333333333,0.625,,0.3375,0.6416666666666667,0.6916666666666667,,0.6791666666666667,0.6625,0.7708333333333333,0.6666666666666666,0.7708333333333333,
CIFAR10_5,,0.0798479087452471,0.1482889733840304,0.1444866920152091,,0.0570342205323193,0.0684410646387832,0.1939163498098859,0.0456273764258555,0.1330798479087452,0.1368821292775665,0.1977186311787072,0.1292775665399239,0.1406844106463878,,,0.1140684410646387,,,,,,,,0.1901140684410646,,,,0.1634980988593156,0.1673003802281368,0.2015209125475285,0.1596958174904943,0.1634980988593156,0.1634980988593156,0.1901140684410646,,0.11787072243346,0.182509505703422,0.1901140684410646,,0.1749049429657794,0.1596958174904943,0.1444866920152091,0.1787072243346007,0.1444866920152091,
SVHN_6,,0.1694352159468438,0.1760797342192691,0.1794019933554817,,0.0,0.0,0.1860465116279069,0.0897009966777408,0.1794019933554817,0.132890365448505,0.1860465116279069,0.1262458471760797,0.1727574750830564,,,0.1627906976744186,,,,,,,,0.1926910299003322,,,,0.1960132890365448,0.1993355481727574,0.1860465116279069,0.1926910299003322,0.1893687707641196,0.1727574750830564,0.1760797342192691,,0.1129568106312292,0.1960132890365448,0.1827242524916943,,0.1827242524916943,0.1860465116279069,0.1760797342192691,0.1727574750830564,0.1760797342192691,
SVHN_2,,0.208,0.218,0.222,,0.0,0.0,0.23,0.168,0.222,0.164,0.226,0.204,0.226,,,0.184,,,,,,,,0.236,,,,0.238,0.23,0.238,0.24,0.24,0.226,0.23,,0.198,0.222,0.228,,0.236,0.23,0.214,0.222,0.214,
MNIST-C_motion_blur,,0.356,0.51,0.52,,0.0,0.0,0.64,0.258,0.57,0.392,0.65,0.278,0.504,,,0.448,,,,,,,,0.672,,,,0.666,0.628,0.688,0.662,0.678,0.58,0.584,,0.546,0.672,0.568,,0.576,0.586,0.7100000000000001,0.584,0.7100000000000001,
CIFAR10_0,,0.247148288973384,0.2889733840304182,0.2851711026615969,,0.247148288973384,0.2547528517110266,0.311787072243346,0.2433460076045627,0.2927756653992395,0.2015209125475285,0.3041825095057034,0.2509505703422053,0.2927756653992395,,,0.1901140684410646,,,,,,,,0.2851711026615969,,,,0.2775665399239543,0.2889733840304182,0.2813688212927757,0.3003802281368821,0.2889733840304182,0.2737642585551331,0.2509505703422053,,0.1406844106463878,0.2851711026615969,0.2775665399239543,,0.2699619771863117,0.2775665399239543,0.2509505703422053,0.2433460076045627,0.2509505703422053,
CIFAR10_8,,0.1596958174904943,0.2167300380228136,0.2509505703422053,,0.0,0.0,0.2813688212927757,0.1406844106463878,0.2281368821292775,0.1634980988593156,0.2889733840304182,0.1254752851711026,0.2091254752851711,,,0.1863117870722433,,,,,,,,0.2433460076045627,,,,0.2357414448669201,0.2623574144486692,0.3155893536121673,0.2433460076045627,0.2395437262357414,0.2205323193916349,0.2053231939163498,,0.1482889733840304,0.2509505703422053,0.2053231939163498,,0.2129277566539923,0.2129277566539923,0.2205323193916349,0.2167300380228136,0.2205323193916349,
FashionMNIST_6,,0.1333333333333333,0.3206349206349206,0.3492063492063492,,0.0,0.0,0.4603174603174603,0.0603174603174603,0.3841269841269841,0.2444444444444444,0.4666666666666667,0.2063492063492063,0.2920634920634921,,,0.2095238095238095,,,,,,,,0.4825396825396825,,,,0.4571428571428571,0.4698412698412698,0.4793650793650794,0.4666666666666667,0.4571428571428571,0.3365079365079365,0.419047619047619,,0.4412698412698412,0.4761904761904761,0.4412698412698412,,0.4317460317460317,0.4984126984126984,0.4825396825396825,0.4571428571428571,0.4825396825396825,
MVTec-AD_toothbrush,,0.7675276752767528,0.7638376383763837,0.7859778597785979,,0.8302583025830258,0.8302583025830258,0.8671586715867159,0.7675276752767528,0.8856088560885609,0.6678966789667896,0.8671586715867159,0.8892988929889298,0.6900369003690037,,,0.948339483394834,,,,,,,,0.5904059040590406,,,,0.8966789667896679,0.8265682656826568,0.8856088560885609,0.7453874538745388,0.911439114391144,0.7859778597785979,0.955719557195572,,0.4391143911439114,0.8856088560885609,0.8339483394833949,,0.8892988929889298,0.8856088560885609,1.0,0.8856088560885609,1.0,
MVTec-AD_metal_nut,,0.5915492957746479,0.6056338028169014,0.6373239436619719,,0.8732394366197183,0.8732394366197183,0.6161971830985915,0.5528169014084507,0.6267605633802817,0.573943661971831,0.6197183098591549,0.6830985915492958,0.5880281690140845,,,0.7077464788732394,,,,,,,,0.5492957746478874,,,,0.676056338028169,0.6549295774647887,0.7288732394366196,0.6443661971830986,0.7077464788732394,0.7323943661971831,0.7112676056338029,,0.3802816901408451,0.7077464788732394,0.7746478873239436,,0.7711267605633803,0.75,0.8028169014084506,0.7429577464788732,0.8028169014084506,
MNIST-C_canny_edges,,0.214,0.254,0.262,,0.0,0.0,0.53,0.172,0.316,0.2099999999999999,0.518,0.106,0.234,,,0.31,,,,,,,,0.444,,,,0.46,0.46,0.478,0.478,0.468,0.312,0.342,,0.4199999999999999,0.478,0.358,,0.334,0.426,0.454,0.356,0.454,
MNIST-C_brightness,,0.18,0.242,0.24,,0.0,0.0,0.38,0.108,0.298,0.28,0.386,0.156,0.228,,,0.222,,,,,,,,0.404,,,,0.46,0.366,0.45,0.4199999999999999,0.4379999999999999,0.354,0.32,,0.396,0.484,0.41,,0.392,0.376,0.472,0.384,0.472,
MVTec-AD_cable,,0.5577689243027888,0.5697211155378487,0.5976095617529881,,0.7569721115537849,0.7569721115537849,0.5896414342629482,0.5737051792828686,0.5657370517928287,0.5219123505976095,0.5816733067729084,0.6414342629482072,0.5617529880478087,,,0.6972111553784861,,,,,,,,0.5258964143426295,,,,0.6972111553784861,0.6733067729083665,0.7250996015936254,0.7091633466135459,0.6852589641434262,0.7888446215139441,0.745019920318725,,0.49800796812749,0.749003984063745,0.7569721115537849,,0.7609561752988048,0.745019920318725,0.7649402390438247,0.8047808764940239,0.7649402390438247,
MNIST-C_dotted_line,,0.286,0.378,0.388,,0.0,0.0,0.516,0.164,0.436,0.304,0.512,0.178,0.354,,,0.218,,,,,,,,0.486,,,,0.574,0.516,0.586,0.492,0.518,0.388,0.446,,0.4059999999999999,0.496,0.46,,0.4379999999999999,0.46,0.468,0.468,0.468,
FashionMNIST_9,,0.6634920634920635,0.7396825396825397,0.7428571428571429,,0.0,0.0,0.7777777777777778,0.6476190476190476,0.746031746031746,0.6984126984126984,0.7619047619047619,0.526984126984127,0.7365079365079364,,,0.6730158730158731,,,,,,,,0.7746031746031746,,,,0.7746031746031746,0.7746031746031746,0.7714285714285715,0.7746031746031746,0.7777777777777778,0.5904761904761905,0.7396825396825397,,0.4857142857142857,0.7746031746031746,0.6253968253968254,,0.7238095238095238,0.7301587301587301,0.7777777777777778,0.7396825396825397,0.7777777777777778,
MVTec-AD_hazelnut,,0.5289855072463768,0.5289855072463768,0.5072463768115942,,0.0,0.0,0.5289855072463768,0.5434782608695652,0.5072463768115942,0.5507246376811594,0.5507246376811594,0.5434782608695652,0.5289855072463768,,,0.6159420289855072,,,,,,,,0.5,,,,0.6304347826086957,0.6376811594202898,0.6231884057971014,0.572463768115942,0.6159420289855072,0.5869565217391305,0.6086956521739131,,0.3188405797101449,0.6739130434782609,0.5869565217391305,,0.6159420289855072,0.6304347826086957,0.6376811594202898,0.6231884057971014,0.6376811594202898,
MVTec-AD_capsule,,0.5876623376623377,0.5746753246753247,0.6233766233766234,,0.9415584415584416,0.9415584415584416,0.6493506493506493,0.5746753246753247,0.6266233766233766,0.551948051948052,0.6428571428571429,0.698051948051948,0.577922077922078,,,0.7175324675324676,,,,,,,,0.6428571428571429,,,,0.6558441558441559,0.6461038961038961,0.6103896103896104,0.6623376623376623,0.6493506493506493,0.6331168831168831,0.7532467532467532,,0.4480519480519481,0.6038961038961039,0.6785714285714286,,0.7629870129870129,0.6525974025974026,0.8246753246753247,0.7402597402597403,0.8246753246753247,
MNIST-C_identity,,0.084,0.086,0.092,,0.0,0.0,0.084,0.084,0.086,0.092,0.086,0.09,0.09,,,0.086,,,,,,,,0.086,,,,0.086,0.09,0.098,0.082,0.092,0.094,0.088,,0.094,0.092,,,0.09,0.086,0.09,0.096,0.09,
SVHN_5,,0.1574585635359116,0.1988950276243093,0.1988950276243093,,0.0,0.0,0.2292817679558011,0.1049723756906077,0.2016574585635359,0.1795580110497237,0.2292817679558011,0.143646408839779,0.1961325966850828,,,0.1767955801104972,,,,,,,,0.2375690607734806,,,,0.2292817679558011,0.2375690607734806,0.2375690607734806,0.2430939226519337,0.2430939226519337,0.2209944751381215,0.2292817679558011,,0.1878453038674033,0.2348066298342541,,,0.2292817679558011,0.2403314917127071,0.2541436464088398,0.2265193370165746,0.2541436464088398,
FashionMNIST_2,,0.2793650793650793,0.4634920634920635,0.4761904761904761,,0.0,0.0,0.5365079365079365,0.0476190476190476,0.4952380952380952,0.3555555555555555,0.5523809523809524,0.3365079365079365,0.4476190476190476,,,0.2857142857142857,,,,,,,,0.5396825396825397,,,,0.5301587301587302,0.5396825396825397,0.5301587301587302,0.5365079365079365,0.5238095238095238,0.5174603174603175,0.5111111111111111,,0.2317460317460317,0.5301587301587302,,,0.5174603174603175,0.5333333333333333,0.5555555555555556,0.5238095238095238,0.5523809523809524,
MVTec-AD_grid,,0.4833333333333333,0.5,0.5111111111111111,,0.3722222222222222,0.3722222222222222,0.5111111111111111,0.3833333333333333,0.5333333333333333,0.4111111111111111,0.5111111111111111,0.5888888888888889,0.5,,,0.6277777777777778,,,,,,,,0.5388888888888889,,,,0.6,0.5833333333333334,0.65,0.5722222222222222,0.6055555555555555,0.6222222222222222,0.6333333333333333,,0.4833333333333333,0.6666666666666666,,,0.7,0.6444444444444445,0.7444444444444445,0.6777777777777778,0.7444444444444445,
MNIST-C_rotate,,0.12,0.13,0.128,,0.0,0.0,0.156,0.112,0.142,0.102,0.154,0.122,0.118,,,0.138,,,,,,,,0.158,,,,0.184,0.17,0.202,0.172,0.186,0.154,0.138,,0.126,0.18,,,0.13,0.168,0.196,0.166,0.192,
SVHN_4,,0.1913265306122448,0.1887755102040816,0.1964285714285714,,0.0,0.0,0.183673469387755,0.2091836734693877,0.1964285714285714,0.1709183673469387,0.1811224489795918,0.1505102040816326,0.1887755102040816,,,0.1479591836734693,,,,,,,,0.1862244897959183,,,,0.2040816326530612,0.1989795918367347,0.211734693877551,0.1989795918367347,0.1989795918367347,0.1964285714285714,0.2066326530612245,,0.1403061224489795,0.1938775510204081,,,0.1964285714285714,0.1862244897959183,0.173469387755102,0.201530612244898,0.1581632653061224,
CIFAR10_1,,0.1026615969581749,0.1939163498098859,0.2091254752851711,,0.0722433460076045,0.0798479087452471,0.3003802281368821,0.0494296577946768,0.1863117870722433,0.1102661596958174,0.3003802281368821,0.1596958174904943,0.1863117870722433,,,0.1368821292775665,,,,,,,,0.2623574144486692,,,,0.2395437262357414,0.2319391634980988,0.2395437262357414,0.2319391634980988,0.2585551330798479,0.2775665399239543,0.2623574144486692,,0.2243346007604562,0.2509505703422053,,,0.2243346007604562,0.2205323193916349,0.2091254752851711,0.2357414448669201,0.2015209125475285,
MVTec-AD_carpet,,0.6496062992125984,0.6417322834645669,0.6692913385826772,,0.7677165354330707,0.7677165354330707,0.6811023622047244,0.6614173228346457,0.6535433070866141,0.4803149606299212,0.6692913385826772,0.6692913385826772,0.6417322834645669,,,0.7283464566929134,,,,,,,,0.6614173228346457,,,,0.6692913385826772,0.7086614173228346,0.6732283464566929,0.6889763779527559,0.7086614173228346,0.7677165354330707,0.7362204724409449,,0.6456692913385826,0.6811023622047244,,,0.7244094488188977,0.716535433070866,0.7795275590551181,0.7480314960629921,0.7598425196850394,
MNIST-C_zigzag,,0.336,0.478,0.482,,0.0,0.0,0.624,0.226,0.536,0.304,0.618,0.26,0.454,,,0.222,,,,,,,,0.606,,,,0.608,0.628,0.672,0.606,0.598,0.502,0.53,,0.55,0.606,,,0.548,0.576,0.584,0.586,0.598,
CIFAR10_7,,0.1939163498098859,0.2433460076045627,0.2509505703422053,,0.1901140684410646,0.1939163498098859,0.2775665399239543,0.1901140684410646,0.2357414448669201,0.2699619771863117,0.2775665399239543,0.2205323193916349,0.2433460076045627,,,0.1634980988593156,,,,,,,,0.2585551330798479,,,,0.2623574144486692,0.247148288973384,0.2547528517110266,0.2509505703422053,0.2433460076045627,0.2509505703422053,0.2509505703422053,,0.11787072243346,0.2547528517110266,,,0.2319391634980988,0.2547528517110266,0.1939163498098859,0.2547528517110266,0.2091254752851711,
MNIST-C_scale,,0.156,0.286,0.306,,0.0,0.0,0.41,0.064,0.324,0.198,0.404,0.162,0.266,,,0.274,,,,,,,,0.414,,,,0.4299999999999999,0.4059999999999999,0.5,0.4299999999999999,0.426,0.314,0.372,,0.234,0.422,,,0.374,0.41,0.372,0.382,0.362,
MNIST-C_shot_noise,,0.276,0.346,0.358,,0.0,0.0,0.49,0.202,0.41,0.282,0.478,0.172,0.324,,,0.26,,,,,,,,0.468,,,,0.498,0.462,0.564,0.472,0.514,0.386,0.404,,0.308,0.492,,,0.468,0.474,0.39,0.4299999999999999,0.39,
CIFAR10_4,,0.3307984790874524,0.3574144486692015,0.3612167300380228,,0.0,0.0,0.3574144486692015,0.2851711026615969,0.3612167300380228,0.3193916349809886,0.3574144486692015,0.3422053231939163,0.3650190114068441,,,0.2395437262357414,,,,,,,,0.3574144486692015,,,,0.3802281368821292,0.376425855513308,0.3612167300380228,0.376425855513308,0.3802281368821292,0.3422053231939163,0.3422053231939163,,0.1444866920152091,0.376425855513308,,,0.3536121673003802,0.3498098859315589,0.311787072243346,0.3460076045627376,0.3079847908745247,
FashionMNIST_5,,0.7238095238095238,0.7936507936507936,0.7936507936507936,,0.0,0.0,0.7904761904761904,0.6190476190476191,0.7968253968253968,0.7714285714285715,0.7904761904761904,0.5333333333333333,0.7936507936507936,,,0.7365079365079364,,,,,,,,0.7968253968253968,,,,0.8000000000000002,0.8000000000000002,0.7841269841269841,0.8000000000000002,0.8000000000000002,0.6698412698412698,0.6031746031746031,,0.7428571428571429,0.7968253968253968,,,0.765079365079365,0.7746031746031746,0.7777777777777778,0.7682539682539683,0.7841269841269841,
MVTec-AD_wood,,0.5869565217391305,0.5597826086956522,0.6032608695652174,,0.4021739130434782,0.4021739130434782,0.6630434782608695,0.5,0.5815217391304348,0.5652173913043478,0.6684782608695652,0.6684782608695652,0.5597826086956522,,,0.766304347826087,,,,,,,,0.5978260869565217,,,,0.8043478260869565,0.7010869565217391,0.8369565217391305,0.6793478260869565,0.7554347826086957,0.7771739130434783,0.7391304347826085,,0.4130434782608695,0.7934782608695652,,,0.7554347826086957,0.8097826086956522,0.8152173913043479,0.7771739130434783,0.8315217391304348,
MNIST-C_shear,,0.202,0.232,0.244,,0.0,0.0,0.298,0.2,0.266,0.15,0.294,0.184,0.228,,,0.184,,,,,,,,0.296,,,,0.328,0.318,0.342,0.31,0.314,0.264,0.28,,0.216,0.338,,,0.272,0.288,0.282,0.292,0.274,
SVHN_9,,0.1224489795918367,0.1510204081632653,0.1510204081632653,,0.0,0.0,0.1714285714285714,0.0775510204081632,0.1591836734693877,0.1428571428571428,0.1632653061224489,0.110204081632653,0.1510204081632653,,,0.1142857142857142,,,,,,,,0.1714285714285714,,,,0.1673469387755102,0.1755102040816326,0.1632653061224489,0.1714285714285714,0.1591836734693877,0.1551020408163265,0.1673469387755102,,0.1469387755102041,0.1673469387755102,,,0.1673469387755102,0.1632653061224489,0.1795918367346938,0.1632653061224489,0.1673469387755102,
SVHN_3,,0.1185682326621924,0.1700223713646532,0.1767337807606264,,0.0,0.0,0.1946308724832214,0.0827740492170022,0.1812080536912751,0.1767337807606264,0.1968680089485458,0.1275167785234899,0.16331096196868,,,0.1476510067114094,,,,,,,,0.1879194630872483,,,,0.1767337807606264,0.1700223713646532,0.2013422818791946,0.1812080536912751,0.1879194630872483,0.1923937360178971,0.1879194630872483,,0.16331096196868,0.1946308724832214,,,0.1923937360178971,0.1901565995525727,0.1767337807606264,0.1834451901565995,0.1901565995525727,
20news_0,,0.1298701298701298,0.1493506493506493,0.1688311688311688,,0.0974025974025974,0.1233766233766233,0.3246753246753247,0.0909090909090909,0.2402597402597402,0.1168831168831168,0.3246753246753247,0.1493506493506493,0.1363636363636363,,,0.1233766233766233,,,,,,,,,,,,0.1688311688311688,0.2207792207792207,0.3051948051948052,0.3246753246753247,0.2272727272727272,0.1363636363636363,0.2272727272727272,,0.1298701298701298,0.2987012987012987,0.2662337662337662,,0.2337662337662337,0.2272727272727272,0.2012987012987012,0.2467532467532467,0.2012987012987012,
20news_2,,0.0887096774193548,0.0887096774193548,0.0967741935483871,,0.0806451612903225,0.0725806451612903,0.0887096774193548,0.064516129032258,0.0967741935483871,0.0806451612903225,0.1048387096774193,0.0967741935483871,0.0887096774193548,,,0.1048387096774193,,,,,,,,,,,,0.0967741935483871,0.1129032258064516,0.1209677419354838,0.0967741935483871,0.1370967741935483,0.0806451612903225,0.0806451612903225,,0.1048387096774193,0.1532258064516129,0.1290322580645161,,0.1129032258064516,0.1209677419354838,0.1290322580645161,0.1290322580645161,0.1290322580645161,
agnews_1,,0.116,0.108,0.14,,0.062,0.118,0.364,0.064,0.164,0.076,0.368,0.102,0.104,,,0.088,,,,,,,,,,,,0.246,0.118,0.222,0.238,0.248,0.214,0.216,,0.136,0.214,0.162,,0.146,0.264,0.2,0.19,0.2,
agnews_0,,0.104,0.114,0.142,,0.098,0.092,0.2099999999999999,0.106,0.168,0.15,0.208,0.106,0.096,,,0.09,,,,,,,,,,,,0.14,0.146,0.184,0.178,0.152,0.172,0.136,,0.138,0.174,0.168,,0.156,0.184,0.166,0.2,0.166,
imdb,,0.056,0.058,0.07,,0.066,0.05,0.07,0.064,0.054,0.082,0.064,0.076,0.056,,,0.108,,,,,,,,,,,,0.076,0.062,0.072,0.096,0.078,0.054,0.082,,0.086,0.088,0.108,,0.076,0.054,0.11,0.066,0.11,
20news_1,,0.08,0.088,0.088,,0.088,0.096,0.104,0.056,0.104,0.072,0.104,0.08,0.072,,,0.104,,,,,,,,,,,,0.08,0.104,0.2,0.176,0.12,0.112,0.168,,0.112,0.104,0.096,,0.152,0.104,0.192,0.12,0.192,
agnews_2,,0.17,0.194,0.2099999999999999,,0.178,0.148,0.334,0.164,0.268,0.198,0.336,0.206,0.172,,,0.162,,,,,,,,,,,,0.272,0.22,0.26,0.28,0.218,0.256,0.194,,0.096,0.28,0.258,,0.36,0.236,0.15,0.274,0.15,
yelp,,0.168,0.152,0.134,,0.16,0.134,0.208,0.162,0.188,0.172,0.206,0.124,0.162,,,0.146,,,,,,,,,,,,0.146,0.172,0.152,0.192,0.176,0.206,0.16,,0.084,0.15,0.164,,0.134,0.174,0.098,0.178,0.098,
20news_5,,0.0921052631578947,0.0657894736842105,0.0657894736842105,,0.0657894736842105,0.0921052631578947,0.1447368421052631,0.0526315789473684,0.131578947368421,0.0657894736842105,0.1447368421052631,0.1842105263157894,0.0789473684210526,,,0.131578947368421,,,,,,,,,,,,0.1578947368421052,0.131578947368421,0.2368421052631578,0.1842105263157894,0.1973684210526315,0.1447368421052631,0.1842105263157894,,0.1052631578947368,0.1842105263157894,0.131578947368421,,0.1578947368421052,0.1710526315789473,0.1447368421052631,0.1578947368421052,0.1447368421052631,
20news_4,,0.1097560975609756,0.1219512195121951,0.1341463414634146,,0.1097560975609756,0.1341463414634146,0.1463414634146341,0.1097560975609756,0.1097560975609756,0.1219512195121951,0.1463414634146341,0.0975609756097561,0.1219512195121951,,,0.1585365853658536,,,,,,,,,,,,0.1219512195121951,0.1463414634146341,0.1463414634146341,0.1829268292682926,0.1219512195121951,0.0975609756097561,0.0853658536585365,,0.073170731707317,0.1585365853658536,0.1585365853658536,,0.1585365853658536,0.1341463414634146,0.1463414634146341,0.1829268292682926,0.1463414634146341,
amazon,,0.104,0.12,0.118,,0.114,0.1,0.1,0.106,0.114,0.092,0.1,0.114,0.11,,,0.116,,,,,,,,,,,,0.114,0.11,0.148,0.114,0.138,0.11,0.118,,0.096,0.116,0.146,,0.134,0.096,0.094,0.13,0.094,
20news_3,,0.1,0.15,0.25,,0.25,0.075,0.1,0.225,0.275,0.125,0.1,0.25,0.1,,,0.25,,,,,,,,,,,,0.2,0.325,0.1,0.275,0.4000000000000001,0.25,0.125,,0.025,0.125,0.125,,0.2,0.3,0.225,0.275,0.225,
agnews_3,,0.112,0.132,0.122,,0.124,0.1,0.314,0.124,0.204,0.124,0.312,0.116,0.118,,,0.1,,,,,,,,,,,,0.238,0.216,0.266,0.246,0.214,0.2099999999999999,0.216,,0.098,0.23,0.194,,0.244,0.186,0.184,0.226,0.184,
