,diffusion,IForest,OCSVM,CBLOF,COF,COPOD,ECOD,FeatureBagging,HBOS,KNN,LODA,LOF,MCD,PCA,SOD,SOGAAL,DeepSVDD,DAGMM,AutoEncoder,VAE,diffusion_t_uniform,diffusion_no_mean,diffusion_slow,diffusion_4,diffusion_bins,diffusion_l2,diffusion_l20,diffusion_l2m,diffusion_l24,diffusion_l2_64,diffusion_l2_64_200,diffusion_l2_quantile,diffusion_400_128,diffusion_420_512,diffusion_bins_mean,diffusion_bins_mean_420,diffusion_bins_mean_420_margin,diffusion_bins_mean_420_t0,diffusion_420_huber,diffusion_420_bins_10,MOGAAL,diffusion_420_bins_10_0.01,diffusion_420_bins_5,ICL,diffusion_420_bins_7,ICL_bagging,diffusion_420_bins_7_bagging
32_shuttle,0.9988676586673346,0.9963105343607184,0.9961888117598652,0.9968996162670328,0.5278303962939748,0.994657576179748,0.9933072562977264,0.9762597692508866,0.9864057247834876,0.9991050683474092,0.978000517405401,0.999776898130004,0.9898240980334658,0.9935601234110476,0.6223369494771732,0.2196347502243108,0.9983355143475908,0.9616234106162924,,,0.9983305597216552,0.9998356288787988,0.9968126697670088,0.9976752245323388,0.97412618736236,0.9998351915221588,0.9998756657552113,0.9971054050620384,0.999835478927951,0.999868336907516,0.9998316364374712,0.9995614312573518,0.9998267505390076,0.9998364473605108,0.9980088026895884,0.9994413331240186,0.9972281335831632,0.9740684750297413,0.9998270816804636,0.9975589126579172,0.0257433491519398,0.9972979856865168,0.9976195302882156,0.9984846966974812,0.9974487487682632,0.999956101889252,0.9974957833509149
38_thyroid,0.336163295853871,0.990463494068188,0.985598765107264,0.985610459167266,0.4162617598390897,0.938068258228233,0.9754775561753408,0.9532939243511258,0.9864612020324276,0.9867798651674882,0.9387991369783718,0.9272278646061736,0.984978979927146,0.9854584363872372,0.915621510053968,0.6579224333000053,0.9128617118934436,0.9267717962660866,,,0.8827962836277312,0.9796289474761296,0.985195320037187,0.984958515322142,0.9005303256211009,0.9798511346161716,0.9837920328369204,0.9050559268419606,0.9798335935261684,0.9472364012699748,0.9623860560028532,0.5784349839499027,0.9688060949440732,0.9401673419986318,0.9826869441667104,0.9834353640068528,0.9899548024580914,0.0787244119349576,0.945605079899665,0.9902413069281458,0.6441848363123951,0.9707765440544476,0.2701327860513253,0.9504873499505924,0.9621170926228022,0.9571646582118613,0.9528904792810492
26_optdigits,0.930346098170812,0.8563653112251611,0.6338228714304515,0.8481484405842873,0.5126016581129096,0.5,0.5,0.9619370969864456,0.8992420055270429,0.9371891038294512,0.3978813001710751,0.9665008553757072,0.65916831161995,0.5817423345176996,0.4487116725884985,0.3172009474930912,0.853925516515331,0.3007527306224503,,,0.921265956046848,0.9011212001579156,0.519821029082774,0.7899249901302803,0.6106066587708909,0.9011343597841822,0.8911909461771287,0.8569245953414923,0.9008895907356232,0.8749730227661534,0.9093696539018292,0.8794157125937623,0.9126016581129096,0.8898670877747072,0.819934201868667,0.7871588366890381,0.7632635873141204,0.9462666140281616,0.8786879852612185,0.7100671140939597,0.3340123700486906,0.7311067245690221,0.894488748519542,0.9649453875509936,0.8464745361231741,0.9522595078299776,0.8622871430451375
36_speech,0.4213829085023464,0.3535214706174894,0.36569222283508,0.3569846192797012,0.3095946398054126,0.3703308527664499,0.3596068467262847,0.3721483276518405,0.3665512283779263,0.36362156736864,0.3990125957339072,0.3752769162605228,0.3895092817809445,0.3637843263136003,0.436709375819446,0.368748474134891,0.5113614785745932,0.5124374960440534,0.3636486938594667,0.363820494968036,0.4159304838461747,0.3946090620563688,0.3796081126291899,0.3905039197779245,0.5,0.3978371144647491,0.4109030408796216,0.4024938287233369,0.4023220276147677,0.4019965097248471,0.4025209552141636,0.3931261472245078,0.4105503964988742,0.4058303870950241,0.3522917363666778,0.3943920501297551,0.3905672149231868,0.4807537547584386,0.393117105060899,0.3881077464215637,0.3699691662220936,0.380883057698046,0.3953505194722992,0.4640619207363938,0.3896810828895137,0.4640619207363938,0.37033085276644995
40_vowels,0.8756756756756757,0.6100711237553342,0.7590896159317212,0.8289331436699857,0.92,0.5281934566145092,0.6147368421052631,0.8660312944523471,0.533058321479374,0.8221337126600284,0.5653200568990043,0.8630156472261735,0.2811095305832147,0.5229018492176387,0.901792318634424,0.1891891891891892,0.5279943100995732,0.2017923186344239,,,0.866628733997155,0.8202275960170697,0.5608819345661451,0.6586486486486486,0.6058605974395448,0.8202844950213372,0.8597155049786629,0.8063726884779516,0.8202844950213372,0.8678520625889046,0.8681650071123755,0.874054054054054,0.8475106685633002,0.8631294452347084,0.8821337126600284,0.8989473684210526,0.8499573257467995,0.5508961593172119,0.8597155049786627,0.8800853485064011,0.1880227596017069,0.8842958748221906,0.8732859174964438,0.8519203413940256,0.896443812233286,0.899203413940256,0.8766998577524893
16_http,0.0050761421319796,0.9960232367892592,1.0,0.9993331970236656,,0.9921624659030472,0.9783722220195018,0.9250230914421108,0.9866568056203072,1.0,0.9400123983359892,0.9995172762311342,0.999517887789963,0.999466109142458,,,0.9989782890500188,0.963802036776294,,,0.0050761421319796,0.8655220867528814,1.0,0.9999213127640276,0.9957888059048858,0.9127291281596952,0.0050761421319796,0.9810477918955,0.8786396159247473,0.9699861196531157,0.9841084399806992,0.999999592294114,0.984594221543709,0.911054272380556,0.9951531924288202,0.9946329597184548,,1.0,0.9928302881440964,0.9946296980713676,,0.9963090386152516,0.9961961040848664,0.990725710361254,0.9951882551350046,0.999838344616254,
8_celeba,0.4086023800323594,0.7139120812533211,0.7904892719158252,0.7994873431484357,0.3962292079791716,0.7516988551281962,0.7575738071436728,0.4550371513630584,0.7622843918385822,0.7327765824947541,0.5451432585255266,0.4403566435499153,0.8302776699452956,0.7979636459640965,0.5919718698390797,0.6775753655930872,0.4049126653738688,0.5510548437866775,0.7654210878915557,0.7971820001476504,0.7574286709547864,0.679837445233577,0.4836671409805969,0.6221692669752724,0.5029382582122723,0.679088391272713,0.4005059485164895,0.6690980563409261,0.6827059754988212,0.7243492970849323,0.65916031535209,0.4314948621453904,0.7613120557311046,0.6576268592349935,0.8290704676145346,0.8338974145458308,0.7764552189021736,0.6994897009363882,0.7735329772589303,0.8550284651679478,0.7156038220450417,0.8603908124788293,0.7865876170764636,0.7229016786034803,0.8068745386390044,0.7437385830729897,0.8222650646819828
41_Waveform,0.7313943746259726,0.7030999401555954,0.7043746259724716,0.7232196289646917,0.6666247755834829,0.7235667265110712,0.5943985637342908,0.7700059844404548,0.6928007181328546,0.7520586475164571,0.5656792339916218,0.7600478755236385,0.584230999401556,0.6467564332734889,0.6127588270496708,0.3979413524835428,0.6340813883901856,0.5104727707959306,0.6878575703171753,,0.6332256134051464,0.6070975463794136,0.572722920406942,0.6473369239976061,0.5,0.6070017953321364,0.7058527827648116,0.5789108318372232,0.6069838420107719,0.5982345900658288,0.5992698982645123,0.6545721125074805,0.5907420706163974,0.5841831238779174,0.6590724117295034,0.6373728306403352,0.6588150807899461,0.8383602633153802,0.5992100538599641,0.6600179533213645,0.3944494314781568,0.6576540993417116,0.7025613405146618,0.7219449431478157,0.6941292639138241,0.674063435068821,0.6837462597247157
37_Stamps,0.6898901098901099,0.945885225885226,0.9557753357753358,0.9445177045177046,0.5289133089133089,0.9352869352869352,0.8774603174603175,0.9663736263736264,0.9137728937728936,0.9675946275946276,0.9186568986568986,0.9636874236874238,0.8526251526251526,0.9436385836385836,0.6413919413919413,0.6686202686202687,0.7263003663003662,0.931990231990232,0.9474481074481076,,0.9337240537240538,0.8941880341880342,0.948986568986569,0.9447863247863248,0.5978632478632478,0.8936019536019537,0.8027350427350428,0.8123321123321123,0.8940415140415141,0.9516971916971916,0.9105494505494506,0.8863247863247863,0.8906959706959707,0.9268620268620268,0.9532844932844932,0.9378021978021978,0.9516971916971916,0.1699877899877899,0.937899877899878,0.9513064713064712,0.668009768009768,0.9483516483516484,0.946080586080586,0.9677899877899878,0.9452747252747252,0.985885225885226,0.9531379731379731
31_satimage-2,0.9578398513902676,0.9910804674523064,0.9960783542848156,0.9942059896012504,0.5705404794433032,0.9791926717317162,0.970877603373205,0.9946335374423791,0.9795121040268128,0.997075965914117,0.9833403772249688,0.9938030134751284,0.9992137051197624,0.9817333870634836,0.7492014192622588,0.9004378679614322,0.9538395761870596,0.9096399752317113,0.9828194568668116,,0.9976607727312936,0.9987173564766126,0.9965992746429728,0.9982160934904613,0.9842765595667516,0.9987173564766126,0.9966582467589908,0.9983340377224968,0.9987173564766124,0.9988156433366424,0.9988991871676676,0.9310222816311688,0.9989286732256764,0.998599412244577,0.9953362884915916,0.9965206451549492,0.9876404273512674,0.3593171028965137,0.997675515760298,0.9950512565975054,0.8766205046047393,0.9895226207208356,0.9969678503680842,0.9919994495935838,0.9931838062569416,0.9938767286201508,0.994771139046421
9_census,0.5321438186739799,0.6329702410301618,0.697105605967788,0.7036427785467332,0.5694901129617354,0.5,0.5,0.5648557795487145,0.6233474439288896,0.7237917915747543,0.6560849792676344,0.5812472352695615,0.7123576078929688,0.7017139616679887,0.6567637106859293,0.4734738263507052,0.5962544934651621,0.4640762047999116,,,0.6102611993938307,0.5775265999894053,0.6521936353245279,0.6888050263421932,0.5006436133991119,0.5698004730547165,0.5538371897502699,0.3019116271601685,0.594370599918773,0.6400794892543955,0.5644513139176248,0.5119384923033526,0.5959785722354733,0.6142165113323952,0.6132930291099798,0.5752162460654235,0.6883024014612718,0.636142974370015,0.6682097654467216,0.6586716222974123,0.4876127908145524,0.6668086102478286,0.7126921063182325,0.7038799454434073,0.7095590187035006,0.7038799454434073,0.6953477170627504
43_WDBC,0.9829410835571,0.9945506239140736,0.9944716474490602,0.987758647922919,0.4523771915969041,0.9951034591691676,0.9637498025588376,0.9973148001895435,0.9809666719317643,0.9884694361080396,0.9390301690096352,0.9973148001895434,0.9703838256199652,0.9934449534038856,0.7665455694203127,0.0022113410203759,0.9992892118148792,0.5338019270257464,,,0.996446059074396,0.9996051176749328,0.995182435634181,0.9954983414942348,0.9971568472595168,0.9996051176749328,0.9991312588848524,0.981598483651872,0.9996051176749328,0.999605117674933,0.9978676354446376,1.0,0.994076765123993,0.9992102353498656,0.9879955773179592,0.9864160480176908,0.996682988469436,0.99723582372453,0.997788658979624,0.992576212288738,0.0019744116253356,0.9927341652187648,0.9932870004738588,1.0,0.9954193650292212,1.0,0.9946296003790871
46_WPBC,0.6441098628361831,0.5616907719171087,0.5116572771499797,0.5876629438056645,0.278149331751941,0.4883427228500203,0.4801392503761297,0.5820402156843365,0.5678516126906731,0.6236506001603356,0.483554618434202,0.5693561317387628,0.6268682941828924,0.5047277040160775,0.2442482346610439,0.4466335013562635,0.8590474307866328,0.5537947923873532,,,0.5630305626022689,0.50105975246818,0.5289757190393042,0.506309096300201,0.5085823477086284,0.5010268067955941,0.5791080508241908,0.4478744550236659,0.5011146619224898,0.6036306131189668,0.5855324569784425,0.6538288362490254,0.5656113069548314,0.5893431731075456,0.7224436903546052,0.7171174732865506,0.7194456341492877,0.4968756520497699,0.6486234199804523,0.7195444711670453,0.4466664470288495,0.7461865383981816,0.759990775211676,0.9581480139250376,0.7392789290460031,0.9621124765262082,0.6922544723750534
19_landsat,0.5754261968079241,0.5691188575270043,0.4797506707135428,0.5698061128374998,0.5404149939876187,0.4929358564650963,0.4201203182018554,0.662420897266653,0.7320860007240148,0.6825492143321992,0.4431064645816491,0.6658409996462268,0.5006203530498461,0.4390355722995821,0.5284378719140781,0.5718750836278258,0.6240639932621337,0.4093499364649081,,,0.4867423245462483,0.4131492496801189,0.3942437000861348,0.3480061508909175,0.5009123703897358,0.4131993896161222,0.4539311033167935,0.4685484385600515,0.4131895380744441,0.3802931818803388,0.3936114369635137,0.3875475925037708,0.4066182656993139,0.4098064892546147,0.4282982740981207,0.4610980263686071,0.5307248999627405,0.4817665608091556,0.4548430325927228,0.4736074257686334,0.6047545304593493,0.5152194555891031,0.5283396505731686,0.647975890483793,0.5247366330018411,0.6699018933486802,0.513886997817663
27_PageBlocks,0.8562614968150308,0.8361018065562973,0.8858025881389018,0.9129037440457544,0.5829071981107068,0.80848414744841,0.8795439027720879,0.9144821714019488,0.656171932107542,0.8965330827128065,0.8193347310247326,0.9129808580539958,0.8704042862536248,0.8612261127310409,0.6417483994826935,0.5789832196704983,0.7548923215332836,0.7085500156637828,,,0.9052208593392294,0.912884465543694,0.8993051706549069,0.9034520567751884,0.8849165803150428,0.913149946582484,0.8972608461655864,0.9617723369560852,0.913088897992626,0.9013000939826976,0.9219795005261424,0.8718409362925833,0.9165325204231632,0.9104517595649484,0.9052309002257192,0.8682892739234163,0.899257777670675,0.1874035070808331,0.9098713963258388,0.8833963901004891,0.5373745893277426,0.8748479809785448,0.889465101894916,0.8880882955394366,0.894220465736479,0.8872320087395877,0.8972716903229951
45_wine,0.9994816414686826,0.9128005759539236,0.9732757379409648,0.9776241900647948,0.3819150467962563,0.7967746580273578,0.6572210223182146,0.9700215982721384,0.9096616270698344,0.9887401007919366,0.8939668826493881,0.9832397408207344,0.9453707703383728,0.9155075593952484,0.1697624190064794,0.0429949604031677,0.923686105111591,0.7713462922966162,,,0.9869258459323254,0.9548452123830096,0.9407343412526998,0.9449388048956084,0.9507847372210224,0.9548452123830096,0.98755939524838,0.5338804895608352,0.9548452123830096,1.0,1.0,1.0,1.0,1.0,1.0,1.0,1.0,0.364060475161987,1.0,0.99585313174946,0.0432829373650107,1.0,1.0,1.0,0.9994816414686823,1.0,1.0
42_WBC,0.8580301685891748,0.9944395149364093,0.9980479148181012,0.9952085181898846,0.4808636498077492,0.9951493640934634,0.9951493640934634,0.867139899438036,0.9917775805974564,0.9943803608399882,0.9719018041999408,0.8395149364093464,0.9717834960070986,0.9948535936113576,0.9491866311742088,0.0108251996450754,0.9212658976634132,0.8154983732623484,,,0.9869860987873412,0.985625554569654,0.9959183673469388,0.994676131322094,0.9786749482401657,0.985625554569654,0.9605442176870748,0.9488317065956816,0.985625554569654,0.9856847086660752,0.9825495415557528,0.9570541259982254,0.9726708074534162,0.975628512274475,0.8745341614906833,0.927950310559006,0.9022182786157942,0.2985507246376812,0.963265306122449,0.7981070689145223,0.0108251996450754,0.780952380952381,0.9330967169476486,1.0,0.9069506063294884,1.0,0.7982253771073646
17_InternetAds,0.8396501061108994,0.467484831582957,0.6563078168362628,0.6512403411873537,0.3464537873428742,0.6593806116341079,0.6601084235729444,0.6914094384284704,0.4917525983566414,0.680754135604288,0.5983141290743865,0.717228056810143,0.4769871986722533,0.6511383114763019,0.568618381672743,0.5459983947325462,0.756540104478424,0.5026493714969799,,,0.8419695815421451,0.7900840724819067,0.6060088697828808,0.7340901670566469,0.5407608695652174,0.7905398051912716,0.8395276704576373,0.6988797137726506,0.8052762964575284,0.8238338004026773,0.8206164635141753,0.8146528269031941,0.8243473499483049,0.8158346710562117,0.767749768732655,0.7847513195842628,0.774442917777657,0.459104791315231,0.8261209664254232,0.758492272949883,0.561442291995429,0.766545818142243,0.7805612994504001,0.7301110083256245,0.7776228437721064,0.7301110083256245,0.7818774827229689
6_cardio,0.8551376827525558,0.9382557436517532,0.9561050346268,0.9161124546553808,0.5913350555128065,0.9316326811036606,0.9495369352533802,0.9254424535561172,0.807003682532703,0.9199873584698252,0.9535286358140046,0.9220622183137296,0.8242208969990107,0.965510607892712,0.6914917005606245,0.8930038749038145,0.63758656700011,0.8340009068923822,,,0.921169066725294,0.9588119709794436,0.9637792678905132,0.9625769484445422,0.9181186105309442,0.958825711773112,0.9254974167307904,0.7423807299109596,0.9588188413762778,0.9237076783555018,0.9250371001429042,0.8777687699241508,0.9321033032867978,0.9324296471364186,0.8721213037265032,0.8806337254039793,0.891214136528526,0.6619421237770695,0.9322372760250632,0.8575217104539958,0.8940722216115203,0.8757832252390898,0.869276959437177,0.7938537429921952,0.8688784764207981,0.8003187864131034,0.8598919973617676
23_mammography,0.6446339779978307,0.8836617694702296,0.8863349203442593,0.847304663840097,0.6971405631541139,0.9059470652036116,0.906690800501458,0.8640211006718973,0.8500901497330723,0.875827194230417,0.8980181144619892,0.8551906525995522,0.7248144183229333,0.8993365543081712,0.7927003366529094,0.7467672869156113,0.6078902145281929,0.8732656740805431,,,0.4599347823024805,0.8247031397461722,0.8773368501119829,0.891864338737622,0.6855454058850873,0.8209788288986238,0.8653627822461369,0.8656606989421493,0.8257057033792066,0.8710499626723762,0.8639520797825139,0.8462961137013507,0.8638161508881158,0.8597854718070796,0.7947959657994451,0.8947424393954334,0.8345329821249983,0.4670154099699971,0.8804346907441579,0.8411892721817645,0.7503088332652514,0.8517917259448116,0.9046898990041272,0.76356260476385,0.8882382770132268,0.8221937374107305,0.8843738115025425
47_yeast,0.470928473759998,0.4194810485513647,0.4483650165575602,0.5027367368094127,0.4242365573181996,0.3888465370296423,0.4464329650738334,0.4704767205947007,0.4288307256688568,0.4474050410813034,0.5032731936932031,0.4578881346224432,0.4319929978259378,0.4323640807831464,0.4525316328053468,0.471396360966913,0.4948189558854967,0.4845214038229611,,,0.4379303251412737,0.4467516123957842,0.4125071090620878,0.420969413890603,0.4846000572758477,0.4467516123957842,0.4642328464886275,0.4200134719247508,0.4467516123957842,0.4423228179717089,0.4470541256761172,0.4600904313032675,0.4519427402862986,0.4413225073914079,0.4953917143629271,0.4964686616409127,0.4812018247601069,0.526203700342445,0.4410522621943103,0.4734373172315597,0.4718602146634237,0.5059433775809424,0.4367404395719638,0.4803346200231523,0.460562352020587,0.4855781835489244,0.44519669413487256
4_breastw,0.8701343346731543,0.9950461885621608,0.9964124532825612,0.9933273393977856,0.3497196953670404,0.9949933008955644,0.993627036175164,0.848653127424018,0.9921021084549748,0.993477187786475,0.9790564840279248,0.9354065298639024,0.9855264085748536,0.9937680699527536,0.9294037797052396,0.0163158451449122,0.9711497778718003,0.8171937804104084,,,0.9872055919892814,0.9799908328044566,0.99367992384176,0.9934243001198788,0.9932171567590438,0.9799908328044566,0.9538907693392568,0.0467174388265989,0.9799908328044566,0.963516324659756,0.9725072279811016,0.8785346590508427,0.9724984133700022,0.9618944362174742,0.9877653197940908,0.9279493688738452,0.9711233340385024,0.053927790705874,0.9369755306395884,0.9838075594104788,0.0163951766448064,0.9721193850927298,0.937610182638742,0.9773464494746492,0.923515619490868,0.9844157675763344,0.9228545236584161
22_magic.gamma,0.7789631644517627,0.7629514842158029,0.7424983888727658,0.7581403634221933,0.6277188135818123,0.6799544975378174,0.6358031367415382,0.8443977245567993,0.7452506423169503,0.8326532763014338,0.7008023239031143,0.8339622808052183,0.7347642991664429,0.7064439851508582,0.732054021358057,0.4199153246426227,0.6233011143452207,0.6769646367756814,,,0.6757605107380029,0.7947097870984112,0.768124708522737,0.7364303875667924,0.6450770605745041,0.7945998768908679,0.8341756023928102,0.7411793330107845,0.7949799855512635,0.8608774052451551,0.8382792603403135,0.8622631710863867,0.8338606275035034,0.8517415087483917,0.8355846354914355,0.8647472993976848,0.8638871262301213,0.6969518777343574,0.8543366627376243,0.8596579414896011,0.4138469717209826,0.8608257419915044,0.8845236922031142,0.7601203597401711,0.8659750928071366,0.7989166503064342,0.8800376219063641
12_fault,0.6522046863940827,0.5563956295320637,0.5720958465555144,0.5904889355538785,0.5530910607900028,0.4914057776048673,0.5036701806028846,0.4827740565573425,0.5305942130204696,0.5872804571085726,0.4778664204255159,0.4742032708199549,0.6046587388265734,0.5586971093226337,0.6386161122334666,0.5371260095340323,0.564291439526392,0.5786428768966115,,,0.6606582888427446,0.6435729653465578,0.5814259800038437,0.6025095973113467,0.5570002953018877,0.643500311707548,0.6371817887794657,0.6124936135107645,0.6435120300364205,0.6003534247987963,0.6185730825298466,0.5760378923882422,0.6468892524174912,0.608650001640566,0.5623696335912929,0.5538972818164347,0.5759324274283892,0.4749462128704749,0.5937513183119981,0.5813884813514514,0.5377025513145621,0.5689084611021791,0.5862164328469446,0.6109491377653615,0.5730239382022209,0.590908451727516,0.5681186457361689
2_annthyroid,0.8079425920120102,0.8859149959939814,0.8845053044630306,0.8894614180519177,0.5037189112169643,0.7677245252615148,0.7844666489120822,0.9022733734047562,0.6602317535124299,0.9281377575959844,0.7144000916945628,0.8863279586385605,0.901826699523885,0.851893616327925,0.7735930896460432,0.7020940858130755,0.5056741629219101,0.688417718176312,,,0.866911972096086,0.9399861334448052,0.8199103618226992,0.8594134694368313,0.640676146266312,0.9395776656317316,0.9282650175129872,0.7410173601629825,0.939043904390439,0.9386393695549332,0.8790193626104182,0.9145973586122658,0.938744436241377,0.9554421734308262,0.9694357076157054,0.972124740563944,0.9731068612479228,0.1296303787682139,0.9602190556134268,0.970462214760802,0.6777694623394924,0.971110594205488,0.97172582426782,0.8163777051862489,0.9745940886223452,0.8496602469235688,0.9751514477290425
25_musk,1.0,0.9043246136627484,1.0,1.0,0.5686091858937372,0.9971081188173876,0.998734801982607,1.0,1.0,1.0,0.998421978296988,1.0,0.9835315708615164,1.0,0.6479204176543785,0.9953424029030038,1.0,0.9114500420574068,,,1.0,1.0,1.0,0.9999860967250837,1.0,1.0,1.0,1.0,1.0,1.0,1.0,1.0,1.0,1.0,1.0,1.0,1.0,0.9957455978755796,1.0,1.0,0.9952381283411308,1.0,1.0,0.9836358454233896,1.0,0.9836358454233896,0.9999999999999999
30_satellite,0.8324057372032831,0.7826950274772154,0.7390928721842667,0.7274580515701458,0.5318194732201009,0.6834065046533921,0.6222351917419152,0.7996014887996061,0.8549595234840628,0.8223511580098474,0.6944909768773267,0.8030148102682859,0.7934478165195645,0.6663008100663723,0.5328223402135817,0.6989087288292322,0.7282826807327138,0.58300969095615,,,0.8336565289991611,0.7715037912392755,0.6845485222341643,0.7049419007210815,0.7002268623619773,0.7715090400977047,0.7824714484437023,0.7003026916146025,0.771514177278295,0.7580201440018726,0.7731383080896748,0.7595780498547742,0.7578721708653067,0.7489015367764058,0.8021146868866096,0.8289423840627682,0.7630810486281048,0.3963707829331246,0.7997647618001038,0.7714658207740436,0.6852803471125918,0.7845502197373159,0.8272261190342816,0.8589365946835988,0.792462371268955,0.8506197226637219,0.7898084591049156
35_SpamBase,0.7331469436297977,0.8455834263161466,0.817048226038706,0.8133844361848901,0.3768984514592019,0.7208885261721488,0.6883043327477929,0.6877813044232176,0.778837944149999,0.833631286706222,0.7667338436079343,0.7323258833995522,0.7973185138833393,0.8140323316319992,0.6060512963563303,0.4040165276950566,0.7404559110682216,0.6460808686605197,,,0.7743698215483901,0.730323297472124,0.8086760032719897,0.8091295300849661,0.6050035905187687,0.7303329570042446,0.711515246040063,0.2178285748750386,0.7303383757661658,0.8215714786529053,0.7656656407144096,0.8181117169653427,0.7573596210824709,0.7934942815569846,0.8302438537103913,0.8271697665126166,0.8313287840863686,0.2244062450524347,0.8026899205373905,0.8403406563581397,0.4147543934379264,0.847692502695245,0.8383427823975995,0.8371073046795485,0.8418701608100059,0.8626471076062454,0.8340504161609156
29_Pima,0.6999286567703007,0.7496024548947472,0.7431901597916433,0.7428979104169711,0.4457576565038379,0.6744084099055347,0.6208494142119152,0.7445482598268852,0.7504620118790776,0.7851795184761773,0.7088852405470222,0.7315947360730279,0.7540033866545182,0.7517083695063564,0.4856668872862926,0.2926189841755559,0.5465579040562494,0.635066486732738,,,0.733468570298868,0.7122976817748132,0.7383852362492371,0.7534704613242335,0.6253405994550408,0.7122976817748132,0.6960950326201876,0.5725079294131805,0.7122976817748132,0.7260935713733143,0.718512278771521,0.6894506571313145,0.7107332880633321,0.7209104427578026,0.7340530690482125,0.7201196503322188,0.7302280404679428,0.4102837397605274,0.731087597452273,0.7414022812642364,0.2927565132930487,0.7192772844875751,0.7414452591134529,0.8132612451542475,0.7270304884862342,0.8057229304016709,0.7292309543661196
24_mnist,0.7969733410605622,0.8514004222378607,0.9056174193815456,0.9106900691311006,0.6008142567371776,0.5,0.5,0.9237347352734196,0.6234230243821667,0.9384795297429316,0.6563699962743718,0.9292946143974832,0.8950196630376288,0.9021285755681584,0.6888280829573209,0.6636643622966428,0.5956068634350291,0.8407486442853004,,,0.8959945357453327,0.9079064039408868,0.894765906362545,0.9195529246181232,0.6241000538146292,0.9079242041644244,0.8375928302355427,0.7835267210332408,0.9078327192946146,0.8349521877716604,0.8731320114252596,0.8045678271308524,0.8655851306039657,0.8582435732913856,0.8613259096742145,0.8616690814256739,0.8672426211864056,0.5131705095831436,0.8036523574947221,0.9008237777869768,0.6717878875688206,0.8664451297760484,0.8873216872956079,0.8963724800264933,0.8689978060189594,0.8963724800264933,0.8718131390487229
10_cover,0.9600876985083376,0.8464782900126113,0.9599444941079234,0.9394826215284616,0.4866957604153661,0.8794753878702868,0.9195606862862258,0.994169594734885,0.7068676858102131,0.9736125029124904,0.975483506792028,0.9909654380018414,0.7013651652124799,0.9427883398904704,0.5016641252614565,0.8084541836047318,0.4438646261096671,0.8069186585653256,,,0.9272830837214984,0.98088204563981,0.5800335261863767,0.9711360515242088,0.7881155285644377,0.9811404978706272,0.9755258589092832,0.9091353892455832,0.98037365332785,0.9810693963851068,0.985465003715303,0.9561375186182411,0.9861782717865968,0.9901617909295868,0.957915264387369,0.9644220517418528,,0.6892476194354742,0.975211076276205,0.9736681656951688,0.8121646463385406,0.9764388704143716,0.9778406211799642,0.8726469747820057,0.9788518979423296,0.9569438778950488,0.9684091176138743
34_smtp,0.2720038037222811,0.9262510974539068,0.8730672453848092,0.92518012366805,,0.9284189366995648,0.904398524645343,0.8147945024914851,0.9168700732263616,0.9394393746454606,0.8339955325093504,0.915216536776769,0.9567208901086744,0.8793777524614743,,,0.906260371380756,0.9078727165308924,,,0.2503960249219131,0.941910852612823,0.9205149147810858,0.918469472539526,0.8766697187458072,0.9224756206351934,0.6997625027362792,0.8868463234999895,0.925753271177624,0.9261239928727284,0.9490287091588264,0.920215983636462,0.8024936035796416,0.9148093313592892,0.9645378218511604,0.9640388186806074,,0.5792779518273639,0.8725188126549087,0.9657664994692208,,0.9684145115771088,0.9591499998823104,0.6963436248814279,0.9668963179685864,0.9759419273291324,0.9653663554173619
3_backdoor,0.9497416286536235,0.7518894360986368,0.6246335411675762,0.6918805643895536,,0.5,0.5,0.956061408512834,0.7130217518306005,0.9367080318855086,0.2462616644594367,0.9552261686113566,0.8601966402259394,0.6467136846501604,,,0.950958247016674,0.3267653414146019,,,0.9288173552776524,0.952313218399188,0.8770662592319357,0.5499687635966365,0.4999589608897279,0.9524278912685306,0.9511203450189768,0.9572360476912064,0.9419040986660604,0.9395852106457137,0.9261503479798872,0.9503472634855455,0.9571237087996992,0.9458741301313232,0.9209294016439372,0.927896714478851,,0.9187992578728476,0.9663323211001128,0.9319572524179524,,0.9413407509742252,0.9134075907831474,0.9277859801971058,0.9269143043083092,0.9277859801971058,0.9229494270440994
18_Ionosphere,0.9403191809695874,0.9167204370456404,0.9575515120230568,0.94139458854906,,0.8087925323697681,0.7397255559857185,0.9075665677291692,0.7186131543855121,0.9619391749473052,0.8516883898997719,0.9046500623736397,0.9482427840151416,0.9005118940078289,,,0.9665677291693552,0.5958102120703747,,,0.9733470985503504,0.9655267346324256,0.891788187723147,0.9457478384307652,0.8989676087237062,0.9655267346324258,0.9690196584505528,0.8810255086677852,0.9655267346324256,0.9603475717296855,0.9706026584075363,0.9590656858949542,0.973992343098034,0.9618875553834904,0.9584978706929926,0.9566481696562996,,0.3303135888501742,0.9539295392953928,0.9446982406332,,0.9592635608895772,0.9703101475459198,0.9857960166903256,0.9591431152406762,0.9864842775411882,
44_Wilt,0.875614320294362,0.4704128334729289,0.348060530486151,0.4189097211442179,,0.3209477036660485,0.3748100106274639,0.5909211094185258,0.3910002609955016,0.6366004397688911,0.3613260959678753,0.6881154930682666,0.8172570908042585,0.2606662720460171,,,0.3363362031466163,0.7059544503144739,,,0.6144567625981505,0.5000059704853322,0.3895349333096788,0.3548430018235567,0.4835598421744849,0.5020700525573294,0.7870566701409206,0.7254344381005668,0.5021340220430319,0.6328356223036862,0.5687211391003674,0.8541239848042619,0.5688030200420664,0.6081519300873226,0.8753140901747988,0.8673818739477019,,0.3641893701479145,0.6533195045520686,0.8357911831284319,,0.8778268115731889,0.8190567656686859,0.8200120433218415,0.8867398932477222,0.8064641591765507,
13_fraud,0.8900929039044498,0.942256073320534,0.95268747451152,0.9355183830365112,,0.9387511184113886,0.9452330250575514,0.9479208077421292,0.9406936359181864,0.953675425972209,0.7536402942436354,0.9384393500013868,0.8928523368249341,0.9505623644680574,,,0.8311745810644091,0.8322413734656833,,,0.9350345513359816,0.9559250892931436,0.9502472575165976,0.949550015973637,0.6665505881482806,0.9552768986285272,0.8884742249190789,0.95382026730931,0.9565856068800662,0.9315691453025694,0.9556664807355888,0.8236990731181669,0.9520364589272085,0.9538392713145328,0.9349205273046466,0.9079173767487536,,0.4031073089404085,0.9459798311006196,0.8995633187772925,,0.9218313903022048,0.9374624414085974,0.9247990968474924,0.9524766327779028,0.9319964786091944,
21_Lymphography,1.0,0.9895397489539748,1.0,0.9985736021300874,,0.9955306200076074,0.9938189425637124,0.9813617344998098,0.9966717383035376,0.9988113351084064,0.6281380753138075,0.9854031951312286,0.9886363636363638,0.9985736021300876,,,0.9985736021300874,0.9907284138455686,,,1.0,1.0,1.0,1.0,1.0,1.0,1.0,0.9323887409661468,1.0,1.0,1.0,1.0,1.0,1.0,0.907379231647014,0.99049068086725,,0.9976226702168124,1.0,0.9907284138455686,,0.9871624191707874,0.9665271966527196,1.0,0.9847850893875998,1.0,
1_ALOI,0.5264324110028377,0.5034634892174343,0.5428912925260091,0.5381856876596796,,0.4951461691672094,0.5173413748808255,0.4872732232463383,0.522294510897667,0.5103956455505257,0.5146281009811109,0.4876347648118542,0.4855309088213822,0.5404308519445866,,,0.4846155806851306,0.5067014568037361,,,0.5228761200415204,0.5334047616338674,0.5372692134819546,0.5413153336151583,0.507028617125052,0.5342006943409632,0.5247620210361298,0.5247038904987473,0.5341841388743784,0.5268243571867184,0.53322516450804,0.517407569131707,0.5230359168845434,0.5178575077756842,0.5032802192358007,0.500839164705325,,0.5149800185597965,0.5254103491245513,0.5047690513792209,,0.5033757134867597,0.4888967912053826,0.46646313982667,0.4963441277000598,0.4951986247281396,
11_donors,0.9993771163570636,0.8640173429773439,0.9197725530001586,0.9372617408822068,,0.8141877637843663,0.8847822523130128,0.9255888884608868,0.8135493087543071,0.9952919573137876,0.5558831037665974,0.9699277234215288,0.9262018464004584,0.8839145487327538,,,0.6335201533733763,0.8008477029360033,,,0.9959986321958392,0.9971992199326368,0.7906370966869944,0.9450289487010366,0.988996970647175,0.9973320554095844,0.9993740330534652,0.9901984172036964,0.9971225737920432,0.9974922464065856,0.9967638264907084,0.9981281249774736,0.9965464747055348,0.9959141018086012,0.9708571493898044,0.9740653197444964,,0.7881875105311008,0.9958814807381098,0.9861381991299396,,0.9857460423334486,0.9883111538212016,0.9985182966332916,0.988350138605056,0.997964836597862,
20_letter,0.3838666666666666,0.30232,0.3217066666666666,0.3300266666666667,,0.3653066666666666,0.4537466666666666,0.4574399999999999,0.3591066666666667,0.3542666666666666,0.3141333333333333,0.4482933333333333,0.32748,0.3030266666666666,,,0.3721466666666666,0.3321066666666666,,,0.3594533333333333,0.3573999999999999,0.3435733333333334,0.3234266666666666,0.3096933333333333,0.3574266666666666,0.3745999999999999,0.7206266666666666,0.3574133333333333,0.3556533333333333,0.3627266666666666,0.3605733333333333,0.36168,0.3567733333333334,0.367,0.3837066666666667,,0.4096866666666666,0.3561333333333333,0.3708,,0.3759733333333333,0.3656666666666667,0.4140533333333333,0.3717733333333333,0.397,
15_Hepatitis,0.972388377037562,0.8215875265768957,0.8933947554925584,0.8826364280652019,,0.8119631467044649,0.7233167965981573,0.7736215450035436,0.84293408929837,0.9816017009213324,0.7242381289865343,0.7800425230333097,0.8788235294117647,0.834727143869596,,,0.9948547129695252,0.4283203401842664,,,0.8974769666902906,0.8206520198440822,0.8512119064493266,0.8409355067328136,0.8029411764705883,0.8206520198440822,0.9558610914245216,0.3443090007087173,0.8206520198440821,0.9985825655563432,0.9635152374202692,1.0,0.9431183557760452,0.9951807228915664,0.9797165131112686,0.9817292700212616,,0.5527569099929128,0.9950673281360736,0.9912119064493268,,0.9920056697377746,0.9946137491141034,1.0,0.9946137491141034,1.0,
5_campaign,0.6256656751348252,0.7497508059783449,0.7767320868541324,0.7729163089258151,,0.7815273867526125,0.7685653821332739,0.7266374427771887,0.7705634807603039,0.7847841985315485,0.5666245711827242,0.7054715008698998,0.789221331041276,0.770662954338744,,,0.664822960735622,0.5353014033505301,,,0.730418830409136,0.7251531229125231,0.728018338189174,0.729482154785582,0.5,0.7242220433780044,0.6751728949742049,0.6886923207741921,0.7229837450419477,0.7084758517848988,0.6978545396606446,0.6139913547795436,0.7445558073369739,0.7331674948957064,0.7401687211998959,0.6890739870194321,,0.6827889657625494,0.7197091720194133,0.7734478725190868,,0.7788566724251149,0.7671426605257894,0.8045910632875802,0.7849908764289192,0.797773829786431,
33_skin,0.9828509416127338,0.893763856718956,0.9005858618906609,0.9160697916699556,,0.4703151217012292,0.4910416241899823,0.7967874864055527,0.7687410786911354,0.9949505557535088,0.6757923187628595,0.879973304375553,0.8807346199292541,0.5958332930610779,,,0.5278502856469899,0.8586785858723515,,,0.9658869323308246,0.9831856612998794,0.9346026521551892,0.912322553312251,0.914206051144792,0.9830546248212184,0.981465804203276,0.8585882522910534,0.983453972138316,0.9854668674390248,0.9852967309188506,0.988347230736306,0.9816794468108194,0.9867403906441714,0.924473114165975,0.926316330905324,,0.5342370081965228,0.9842421698744231,0.9225551585481132,,0.9181575294924874,0.9109030087339736,0.0755249455348376,0.9127524440719604,0.8540395932390528,
28_pendigits,0.5664035349021944,0.9772461675946932,0.9635892853051028,0.9665967782589766,,0.9074016788494,0.9294566271778067,0.9951116305003704,0.9354754321242256,0.998655698387602,0.932154777999282,0.9905230555364604,0.8358596274145873,0.943694003345478,,,0.4856633288268678,0.5360555440984396,,,0.4779832420583091,0.9685674022135148,0.8864141518297014,0.9413605707171392,0.6373555448622473,0.968529211826799,0.9823140319118872,0.9099413395660044,0.9684471024953598,0.9972617492724732,0.9866505503234726,0.9920964994691536,0.9837041619883444,0.9951020829036914,0.9827054833757248,0.9736906425914468,,0.462206793305989,0.995568005621625,0.98311603003292,,0.9834692911100418,0.984517617225392,0.9609484200637016,0.9816819810117398,0.9948633929867174,
7_Cardiotocography,0.5407217488228676,0.7130101775073961,0.7522071232134673,0.683998552023001,,0.6634768636193173,0.7929640297512396,0.6372049356223176,0.6123783803491812,0.621105306471103,0.6738679215800658,0.644903173048877,0.5684833222217592,0.7889482374265595,,,0.6244596129005375,0.6204125692737197,,,0.6285274907287803,0.7068120025834409,0.7720438872453018,0.7613090649610401,0.6357660735863995,0.7068276282345098,0.6065760552523022,0.6365642839284971,0.7068172111337971,0.6383221696737365,0.6314729259552482,0.579374401016709,0.6514268823700987,0.6330953893912247,0.567946841535064,0.6117689799574982,,0.301193539314138,0.6074224446851952,0.5973621296720697,,0.6202146443601817,0.629149912496354,0.5354506958623276,0.6193630463769324,0.4883367536147339,
14_glass,0.5893229943334328,0.8178248334824535,0.7289989064519335,0.8860224674420917,,0.7614574013321403,0.7196043344268814,0.890694900089472,0.8408390496073169,0.9391092553931804,0.6309275275872352,0.9019783278655932,0.8065414057063327,0.7582264638632071,,,0.8672830301222785,0.6946018490903668,,,0.5998111144248931,0.5774927925241078,0.6401232726911223,0.7081717864598867,0.55934983596779,0.5774927925241078,0.6042350134208172,0.5306193458594294,0.5774927925241078,0.9110249527786062,0.781340093448653,0.9283726016502634,0.7571329157967988,0.8528680783378069,0.912217914305597,0.9185306690525896,,0.84988567452033,0.89526791927627,0.9258375584054082,,0.9356794910030818,0.9414951784471618,0.997514663485436,0.9379660005964808,0.994880206779998,
39_vertebral,0.6856677222808675,0.4824527288553067,0.5242143082023075,0.5304553956701298,,0.2572735522343834,0.4305053984480619,0.6155341963442413,0.3444543215363817,0.6100153712243273,0.2439950367613015,0.6326277385780692,0.4830083152767746,0.4303572420690038,,,0.4374502287164101,0.6909828323795766,,,0.5522714224864345,0.5168620478915495,0.415949034205604,0.4370798377687649,0.4726651480637813,0.5169361260810786,0.5978850676889457,0.4606737411337667,0.5169361260810785,0.4644332092523658,0.563975776432024,0.6223308702335315,0.5655314184121341,0.5519751097283183,0.6895753467785247,0.7028723817989888,,0.435524195788655,0.4610811711761765,0.6329981295257143,,0.6880011852510325,0.6451839917032428,0.7889512380317425,0.7133914847121136,0.9096246087745616,
SVHN_7,,0.6576215040896587,0.6746739096067458,0.6704364978025532,,0.5,0.5,0.6788188997443811,0.6279784706159904,0.6656974552423759,0.5275842192436503,0.6798075683616315,0.6038029083639177,0.6721146806953028,,,0.5648690652521288,,,,,,,,,0.6776539003159362,,,,0.6806655089636855,0.6924267740703718,0.6713388251260461,0.6472453479067708,0.6660622776103649,0.6591197079475337,0.6598566491308715,,0.5214916856982336,0.6452278802117914,0.6451761970429931,,0.638864162039503,0.6544718709793534,0.6341147828455658,0.6792737116298074,0.6341147828455658,
MVTec-AD_tile,,0.8465776502862866,0.8355018269985999,0.8624344044895218,,0.5,0.5,0.8472378740793862,0.8418194857084315,0.8576876230805132,0.8292979999772336,0.8471126592220741,0.9069653610172,0.8342724447631731,,,0.964143018133388,,,,,,,,,0.8526448792814944,,,,0.9099022185796082,0.8967546585618504,0.90666939862719,0.8629921797630025,0.8886612255119579,0.9274322986032852,0.916140195107514,,0.7496727338956619,0.896117201106444,0.9342621999112112,,0.9436874637161494,0.9356964791858756,0.968206809411604,0.9210577240492208,0.968206809411604,
MVTec-AD_transistor,,0.7709883207380508,0.7534792423201493,0.7643929728138188,,0.5,0.5,0.7751693002257336,0.7379330650701738,0.7836097752478163,0.7372264206497203,0.7743252527235254,0.8666404946510943,0.7448621061929532,,,0.8912356462852096,,,,,,,,,0.6946903523407597,,,,0.8428403179899893,0.834812052213171,0.8573559721268034,0.8267739719305134,0.8435273333987634,0.8432034547060555,0.8708803611738148,,0.5856511924624594,0.8849838060653646,0.8937874178035136,,0.909628030228678,0.8561389734026891,0.9502993424281088,0.8597507115516733,0.9502993424281088,
CIFAR10_9,,0.6758296577946769,0.7253961977186312,0.7260106463878327,,0.5,0.5,0.751945247148289,0.5819969581749049,0.7172973384030419,0.6080152091254752,0.7528380228136883,0.682348288973384,0.7196243346007605,,,0.5660699619771863,,,,,,,,,0.7515391634980989,,,,0.7609460076045628,0.7424730038022814,0.7623026615969581,0.7589756653992396,0.758267680608365,0.7165323193916351,0.6883574144486693,,0.559142205323194,0.7548068441064638,0.7077657794676806,,0.7441201520912548,0.7286920152091254,0.6682296577946767,0.7654296577946768,0.6682296577946767,
FashionMNIST_3,,0.866242328042328,0.8938026455026455,0.9000910052910054,,0.5,0.5,0.9273936507936508,0.7923481481481481,0.9094296296296296,0.6895206349206349,0.926778835978836,0.8465068783068782,0.8887566137566139,,,0.7449132275132275,,,,,,,,,0.9202772486772488,,,,0.9187359788359788,0.9106185185185184,0.9012301587301588,0.9168243386243384,0.911020634920635,0.9054656084656084,0.8952275132275131,,0.6965978835978837,0.9202158730158732,0.9121820105820106,,0.9224179894179894,0.9238656084656084,0.911526984126984,0.913873015873016,0.911526984126984,
CIFAR10_2,,0.604851711026616,0.6280882129277567,0.627222813688213,,0.5916106463878327,0.6029171102661599,0.647490494296578,0.579309505703422,0.6289307984790874,0.623450950570342,0.6484851711026617,0.6035346007604563,0.6251771863117871,,,0.5121125475285171,,,,,,,,,0.6310539923954372,,,,0.6224045627376427,0.6165376425855513,0.6318980988593155,0.615248669201521,0.6127437262357415,0.6215558935361217,0.6407498098859316,,0.5463558935361217,0.6376562737642586,0.6346433460076045,,0.6227315589353613,0.6477703422053231,0.5931726235741445,0.6250965779467681,0.5931726235741445,
MVTec-AD_leather,,0.9912268834101718,0.9925485747588174,0.9911228132252392,,0.5,0.5,0.9882608831395894,0.9849306372217425,0.9934747994047184,0.9822976615429446,0.9868143075690246,0.9895201323772752,0.9924132835184049,,,0.9908314167074276,,,,,,,,,0.9921374975283332,,,,0.9948641363735704,0.9940627959495884,0.9965448698602336,0.9937713994317768,0.9952596030763148,0.9904047289492034,0.989967634172486,,0.7821394748618469,0.9915234834372302,0.9953584697520008,,0.9940055573478752,0.9917420308255888,0.9974502804691484,0.99153909396497,0.9974502804691484,
SVHN_0,,0.585938374479199,0.6236902244885267,0.6210372489273055,,0.5,0.5,0.6695510229463342,0.4977815434363535,0.627802997326037,0.4681534108575337,0.6683881599403022,0.610832659660469,0.6128505689944654,,,0.5295504010944594,,,,,,,,,0.6757913065107891,,,,0.6648793607362726,0.6901545301909084,0.6509669796654436,0.6850118151856227,0.6949023692556433,0.6508192898451589,0.6264349232012935,,0.5832675206765748,0.6840425035756483,0.6732790249362601,,0.6889053852372365,0.6280766121509856,0.6492926434923202,0.6593526521982462,0.6492926434923202,
SVHN_1,,0.6480652631578947,0.6680652631578947,0.6629705263157895,,0.5,0.5,0.6598656842105263,0.6369532631578948,0.6674863157894736,0.5133915789473684,0.657337894736842,0.637370947368421,0.669936,,,0.544677052631579,,,,,,,,,0.6427671578947368,,,,0.6678675789473685,0.6534738947368421,0.5992052631578947,0.6544202105263157,0.6749821052631578,0.6355587368421053,0.6544774736842105,,0.4405498947368421,0.6556208421052632,0.6471031578947368,,0.6470437894736841,0.6855795789473684,0.5968197894736842,0.6680707368421053,0.5968197894736842,
FashionMNIST_4,,0.7663555555555556,0.8391021164021164,0.8505693121693122,,0.5,0.5,0.8792761904761905,0.6284433862433861,0.8604052910052911,0.80209417989418,0.8794285714285714,0.8307714285714286,0.8332042328042328,,,0.6774772486772487,,,,,,,,,0.8679629629629629,,,,0.8592910052910053,0.8744132275132276,0.8490264550264551,0.8653068783068782,0.8601126984126983,0.8642931216931216,0.8692878306878307,,0.64290582010582,0.8756021164021165,0.8652423280423281,,0.8581031746031745,0.8643047619047619,0.8725449735449735,0.857168253968254,0.8725449735449735,
MNIST-C_impulse_noise,,0.9967086315789474,0.9988107368421052,0.9995393684210526,,0.5,0.5,0.9994227368421053,0.9449284210526316,0.9995355789473684,0.9990858947368422,0.9992976842105264,0.971978105263158,0.9995376842105264,,,0.9973781052631578,,,,,,,,,0.9973684210526316,,,,0.997578947368421,0.9975789473684212,0.9981052631578948,0.997578947368421,0.9976842105263156,0.9952955789473684,0.996057052631579,,0.9971692631578948,0.997157894736842,0.9993646315789474,,0.9927378947368422,0.9909732631578948,0.9994644210526316,0.9904252631578948,0.9994644210526316,
MNIST-C_translate,,0.5887991578947368,0.6309094736842105,0.6630286315789474,,0.5,0.5,0.813533052631579,0.5353082105263158,0.7296703157894737,0.5761970526315789,0.8096160000000001,0.6576804210526316,0.6103402105263157,,,0.59296,,,,,,,,,0.8230324210526316,,,,0.8147648421052632,0.8038242105263157,0.8560768421052631,0.8072995789473684,0.8292446315789475,0.7726498947368421,0.7945835789473684,,0.6529625263157895,0.8448964210526314,0.7880252631578947,,0.8032282105263159,0.8033456842105263,0.8089452631578946,0.8203793684210526,0.8089452631578946,
FashionMNIST_8,,0.7441354497354498,0.7805804232804233,0.8091650793650794,,0.5,0.5,0.8781481481481481,0.6349164021164021,0.8201248677248678,0.549310052910053,0.8788846560846562,0.7604814814814816,0.764511111111111,,,0.6148910052910053,,,,,,,,,0.8548476190476191,,,,0.8474656084656086,0.8450507936507937,0.8371534391534392,0.8512597883597883,0.8458333333333333,0.8346910052910053,0.8249534391534392,,0.7107957671957672,0.8423095238095238,0.8311238095238095,,0.8346306878306878,0.8507349206349205,0.8376899470899472,0.8567370370370371,0.8376899470899472,
SVHN_8,,0.5398634449853799,0.5673823465625678,0.5687030264958608,,0.5,0.5,0.6243779866735467,0.4748674459126975,0.5823465625677727,0.4809907343010342,0.6243376034819286,0.5486310845878297,0.5578219998653894,,,0.5297766211234005,,,,,,,,,0.6010709024147654,,,,0.6095880166618057,0.6077109460884392,0.5879807656353997,0.603154375967514,0.6203366761641951,0.588980623546392,0.577328577090765,,0.5648606405970729,0.6248222017813474,0.5936718043060448,,0.6148161443026047,0.6129944136584928,0.6081334739266672,0.5999588689715,0.6081334739266672,
MVTec-AD_zipper,,0.8128123966551708,0.8271838238767893,0.8739358435300233,,0.5,0.5,0.8779326309821892,0.8010110077006662,0.8692209571502811,0.7414560400623613,0.8788019086313602,0.9398970094959136,0.8159871498086644,,,0.9252988141919024,,,,,,,,,0.8952047999244105,,,,0.9338593093022156,0.9302877120045354,0.9160674635045116,0.934180564085605,0.9444701658241602,0.9337931686115178,0.9215571408324278,,0.6641564699768507,0.919346152029102,0.939585203382624,,0.9370057164454104,0.9494118202862948,0.96089195445741,0.9544290641092266,0.96089195445741,
MVTec-AD_bottle,,0.982578850819575,0.9812769986389728,0.9870169832534468,,0.5,0.5,0.9827327060772828,0.983525652405468,0.9788508195751228,0.973063494881354,0.982413160542044,0.99065033433931,0.9811349784010888,,,0.9786259541984732,,,,,,,,,0.9891709568613528,,,,0.9813598437777384,0.9887330611278774,0.9776199775134622,0.9870879933723888,0.9847564944671284,0.9825788508195752,0.9705781407183856,,0.3102787147168472,0.9851943902006036,0.9902479436653056,,0.9835966625244096,0.981856914610332,0.9918693413811468,0.9720456831765192,0.9918693413811468,
FashionMNIST_0,,0.8445132275132275,0.8821047619047621,0.8872941798941798,,0.5,0.5,0.9132137566137566,0.7564359788359789,0.9001777777777777,0.7131396825396825,0.9128465608465608,0.8223957671957672,0.877757671957672,,,0.7589746031746032,,,,,,,,,0.9123772486772486,,,,0.9049349206349204,0.9001423280423281,0.887904761904762,0.9040550264550266,0.9041042328042328,0.887095238095238,0.8819936507936508,,0.6227068783068783,0.897310582010582,0.8940222222222222,,0.885246560846561,0.8955074074074073,0.9027142857142856,0.900210582010582,0.9027142857142856,
CIFAR10_6,,0.7070555133079849,0.7137460076045627,0.7299847908745247,,0.6741460076045627,0.6849946768060836,0.7516927756653993,0.6565596958174905,0.7340593155893537,0.6394692015209126,0.7514342205323192,0.7029460076045627,0.7144212927756655,,,0.5212,,,,,,,,,0.741722433460076,,,,0.7088410646387833,0.7088897338403042,0.7355756653992396,0.7136980988593156,0.7015429657794676,0.7239756653992395,0.7144958174904944,,0.5588045627376426,0.7338722433460076,0.7385627376425856,,0.718497338403042,0.7228212927756654,0.6868714828897339,0.7591787072243346,0.6868714828897339,
MNIST-C_stripe,,0.992984,0.9979875789473684,0.9979107368421052,,0.5,0.5,0.9987368421052631,0.9703713684210526,0.9983334736842104,0.9971684210526316,0.9988610526315788,0.9804896842105264,0.9977402105263158,,,0.9381353684210526,,,,,,,,,0.9983564210526316,,,,0.9986037894736842,0.998526105263158,0.9986006315789472,0.9985031578947368,0.998610105263158,0.9972143157894736,0.9962736842105264,,0.9961031578947368,0.998546947368421,0.996949894736842,,0.9939362105263158,0.9907854736842104,0.9992997894736844,0.9934837894736842,0.9992997894736844,
MNIST-C_spatter,,0.8525381052631579,0.8620412631578948,0.8695263157894736,,0.5,0.5,0.9284416842105264,0.7916766315789473,0.9029650526315788,0.6463528421052631,0.9280568421052632,0.8027814736842105,0.8493970526315789,,,0.7223755789473684,,,,,,,,,0.9262694736842104,,,,0.9251073684210528,0.9103317894736844,0.8977515789473685,0.919712,0.9089006315789472,0.8655690526315789,0.9028471578947368,,0.8629983157894737,0.924545894736842,0.911951789473684,,0.901026105263158,0.9052585263157896,0.8995932631578947,0.907037894736842,0.8995932631578947,
FashionMNIST_1,,0.9500624338624338,0.9736312169312168,0.9786497354497354,,0.5,0.5,0.9843978835978836,0.8758105820105819,0.9793597883597884,0.940926984126984,0.9836126984126984,0.8941396825396825,0.970552380952381,,,0.8946455026455027,,,,,,,,,0.981095238095238,,,,0.9800798941798944,0.9797915343915344,0.9774121693121692,0.9810343915343914,0.9809820105820104,0.9577195767195766,0.9623693121693122,,0.757089947089947,0.9786534391534392,0.9776719576719576,,0.973873015873016,0.9709455026455028,0.982521693121693,0.97220582010582,0.982521693121693,
MNIST-C_fog,,0.8831456842105263,0.9109271578947368,0.9295983157894736,,0.5,0.5,0.9786189473684213,0.7137823157894736,0.952123789473684,0.9319208421052632,0.9777751578947368,0.8408117894736842,0.8960715789473684,,,0.7062155789473684,,,,,,,,,0.9806446315789472,,,,0.9820254736842104,0.975303789473684,0.984002947368421,0.9790747368421052,0.9820970526315792,0.9626122105263158,0.9581764210526316,,0.916618105263158,0.9826075789473684,0.9741827368421052,,0.9694997894736842,0.9714385263157896,0.9682071578947368,0.9679124210526316,0.9682071578947368,
MNIST-C_glass_blur,,0.9382627368421051,0.9670164210526316,0.9700046315789472,,0.5,0.5,0.982210105263158,0.8755658947368422,0.9786614736842104,0.9080568421052632,0.9817983157894736,0.8249877894736843,0.9631524210526315,,,0.7924258947368421,,,,,,,,,0.9865330526315792,,,,0.983491157894737,0.9830357894736842,0.9879404210526316,0.9872077894736844,0.9846227368421052,0.976941894736842,0.9800995789473684,,0.9617684210526316,0.9852547368421052,0.9800968421052632,,0.9773974736842104,0.9807926315789474,0.9747326315789474,0.9804364210526316,0.9747326315789474,
CIFAR10_3,,0.5334980988593157,0.5828882129277566,0.5827878326996198,,0.4988197718631179,0.5322539923954372,0.5958463878326997,0.4744273764258555,0.5618524714828897,0.5767437262357414,0.5973338403041825,0.5549155893536122,0.579067680608365,,,0.4503315589353612,,,,,,,,,0.5932631178707224,,,,0.5677536121673004,0.607257794676806,0.6003908745247148,0.5966311787072244,0.5821939163498099,0.6167011406844106,0.6088501901140685,,0.5450159695817491,0.5996714828897338,0.5941794676806084,,0.6024783269961976,0.5935581749049429,0.5297003802281369,0.5902539923954373,0.5297003802281369,
MVTec-AD_pill,,0.6821693190470001,0.6865982061614455,0.716207684165568,,0.5,0.5,0.7212586581493379,0.6900243263820542,0.7408868916083267,0.6924941041020594,0.7202698185734712,0.8040147815268055,0.6888451467939314,,,0.8016471374719132,,,,,,,,,0.6815379472990287,,,,0.7632170247534864,0.780858294182095,0.7515830718092513,0.8077287329854599,0.7812111195706672,0.8195762381385675,0.7906631260329428,,0.5871850104919127,0.760347997251676,0.7349259995171863,,0.8165029433065311,0.8023342184917643,0.9124993036341016,0.8007650740004828,0.9124993036341016,
FashionMNIST_7,,0.9561883597883598,0.9587084656084656,0.9612126984126984,,0.5,0.5,0.9671597883597884,0.9390761904761904,0.962862433862434,0.9471703703703704,0.9665015873015872,0.9078222222222222,0.958557671957672,,,0.921525925925926,,,,,,,,,0.9625010582010582,,,,0.961216402116402,0.9632291005291006,0.9441015873015874,0.950079894179894,0.959030687830688,0.9358962962962962,0.9451396825396824,,0.8141121693121693,0.9535455026455026,0.9601645502645504,,0.9519650793650792,0.9501238095238096,0.9611439153439154,0.9514026455026456,0.9611439153439154,
MVTec-AD_screw,,0.6478837719298246,0.6409649122807017,0.7211513157894737,,0.5,0.5,0.6976206140350876,0.6139583333333334,0.6964583333333334,0.5180921052631579,0.6916502192982455,0.7730592105263159,0.6308223684210527,,,0.793969298245614,,,,,,,,,0.660844298245614,,,,0.7362719298245615,0.7097149122807016,0.7443092105263158,0.7062061403508771,0.735701754385965,0.7674780701754386,0.7421491228070175,,0.4377850877192982,0.7608223684210527,0.7848245614035088,,0.795734649122807,0.8020723684210527,0.9019627192982456,0.8109868421052632,0.9019627192982456,
CIFAR10_5,,0.5139467680608365,0.5861885931558936,0.5833490494296578,,0.4632091254752851,0.5083969581749049,0.5949992395437262,0.4312121673003802,0.566403041825095,0.6098266159695818,0.595680608365019,0.5541673003802281,0.5813019011406844,,,0.4898722433460075,,,,,,,,,0.6147262357414449,,,,0.5839330798479088,0.6191315589353612,0.65866463878327,0.6056144486692014,0.5932167300380228,0.5487399239543727,0.5974288973384031,,0.5329460076045628,0.6067779467680607,0.5999954372623575,,0.585332319391635,0.5623513307984791,0.5245125475285171,0.5901003802281369,0.5245125475285171,
SVHN_6,,0.5472513904635034,0.5605427478320605,0.5490303018347272,,0.5,0.5,0.5793019658537208,0.4890114799544654,0.5649221421666979,0.495217362546315,0.5794667443369,0.5433663315784037,0.5555761850996156,,,0.5323250127935406,,,,,,,,,0.5976376335488992,,,,0.6136936721581223,0.5901384719464632,0.5879046791287164,0.593642335537729,0.6141009767186569,0.5460584870782338,0.618388118310951,,0.5410281016938532,0.5970324787673641,0.5943919615950093,,0.6146202610230422,0.581889684286747,0.5778676968029492,0.5971316939808277,0.5778676968029492,
SVHN_2,,0.609456,0.6368159999999999,0.634058947368421,,0.5,0.5,0.6691667368421053,0.574197894736842,0.6432543157894737,0.5357625263157895,0.6680383157894738,0.625509052631579,0.6324298947368422,,,0.5827890526315789,,,,,,,,,0.6741962105263157,,,,0.6560574736842105,0.6741157894736842,0.6659157894736842,0.6766768421052631,0.6706027368421053,0.6325802105263159,0.6298488421052632,,0.5893280000000001,0.6627559999999999,0.6614808421052631,,0.6572484210526316,0.6608461052631579,0.6281865263157894,0.651786947368421,0.6281865263157894,
MNIST-C_motion_blur,,0.8067486315789473,0.8823416842105263,0.8966602105263158,,0.5,0.5,0.9460854736842106,0.7631301052631579,0.926900210526316,0.7692231578947368,0.9463583157894736,0.81164,0.873416842105263,,,0.779037052631579,,,,,,,,,0.9510103157894736,,,,0.9514757894736844,0.9327808421052632,0.9627313684210528,0.945424,0.9538972631578948,0.9376227368421052,0.9417642105263158,,0.8855183157894737,0.9589566315789474,0.9350016842105264,,0.9413654736842104,0.941128,0.9548926315789474,0.9525684210526316,0.9548926315789474,
CIFAR10_0,,0.7064760456273764,0.7276798479087452,0.7263939163498099,,0.694293536121673,0.7070479087452471,0.7438357414448669,0.689945247148289,0.7424866920152091,0.6114281368821294,0.7441779467680609,0.719358174904943,0.7285034220532318,,,0.6066950570342206,,,,,,,,,0.7312547528517109,,,,0.7103338403041826,0.7113695817490494,0.7156692015209125,0.719352091254753,0.7244798479087453,0.6990669201520912,0.672687452471483,,0.5353992395437263,0.7007079847908746,0.7329505703422052,,0.6927186311787072,0.6990851711026617,0.7006768060836501,0.7136882129277566,0.7006768060836501,
CIFAR10_8,,0.679441825095057,0.7312669201520914,0.7370098859315589,,0.5,0.5,0.7489657794676807,0.6535817490494297,0.7345079847908745,0.5661110266159696,0.7509885931558935,0.6808091254752853,0.7305277566539924,,,0.5926448669201522,,,,,,,,,0.7446653992395436,,,,0.7373908745247147,0.7335406844106463,0.7599650190114069,0.7409977186311787,0.7497475285171102,0.7044501901140684,0.6950235741444867,,0.553806844106464,0.7356600760456273,0.7250250950570342,,0.7179878326996197,0.7236760456273764,0.683412927756654,0.7184722433460077,0.683412927756654,
FashionMNIST_6,,0.6704571428571429,0.7433814814814815,0.7644677248677247,,0.5,0.5,0.8081619047619049,0.5026941798941799,0.7790698412698412,0.6474465608465608,0.8089851851851851,0.7192952380952381,0.7318179894179894,,,0.5710666666666666,,,,,,,,,0.7957915343915343,,,,0.7922407407407407,0.787521164021164,0.7930539682539682,0.7949333333333334,0.7954703703703705,0.7755994708994708,0.8026920634920635,,0.7617714285714287,0.803647619047619,0.7893089947089946,,0.81319417989418,0.8044582010582011,0.8194825396825398,0.8030624338624339,0.8194825396825398,
MVTec-AD_toothbrush,,0.9133397361370874,0.8741141384016579,0.9131577617146036,,0.5,0.5,0.9310519132588586,0.8719506647121266,0.9635646767426578,0.7722792296416116,0.940089976242228,0.9730981145427892,0.7989991406763383,,,0.9945812060860336,,,,,,,,,0.7156043067279988,,,,0.9817621189910528,0.9599251882929788,0.9439720972552192,0.8671182328261638,0.9753424657534248,0.9377849668907648,0.9939544052974776,,0.4386291260172876,0.9399282212000204,0.962968205024516,,0.9640297224890058,0.9656776019814992,1.0,0.9251478542182682,1.0,
MVTec-AD_metal_nut,,0.6803249665591313,0.7057892045007474,0.7092218113148163,,0.5,0.5,0.7188409788338972,0.6310390274608545,0.7428200487843261,0.6583720198284679,0.7230505940671965,0.798617121724762,0.6877606420646786,,,0.8197635533873633,,,,,,,,,0.6769808796915572,,,,0.7884078212290503,0.7871980486269572,0.8437131166889607,0.7659729325674718,0.8104886301046502,0.8226256983240222,0.7985679439767095,,0.4336297112282634,0.8211503658824455,0.8378019513730428,,0.8558600204579432,0.8167342041073254,0.9307872373908254,0.8525454402392005,0.9307872373908254,
MNIST-C_canny_edges,,0.7270955789473684,0.775589894736842,0.8007202105263158,,0.5,0.5,0.927842105263158,0.6994694736842105,0.844674105263158,0.6476286315789473,0.924874105263158,0.6993275789473684,0.744504,,,0.692344,,,,,,,,,0.9149223157894738,,,,0.8995536842105262,0.9145707368421052,0.912492,0.9160458947368422,0.9105004210526316,0.8851793684210526,0.9031793684210526,,0.8649781052631579,0.9182492631578946,0.8903646315789473,,0.8801439999999999,0.912816210526316,0.8862572631578948,0.8608446315789474,0.8862572631578948,
MNIST-C_brightness,,0.7022753684210526,0.7381086315789472,0.7664804210526316,,0.5,0.5,0.8803292631578947,0.6191031578947368,0.8258989473684211,0.7378471578947368,0.8795271578947369,0.7098783157894737,0.7203069473684209,,,0.5717528421052631,,,,,,,,,0.8896098947368423,,,,0.8915324210526315,0.8646907368421052,0.8719178947368422,0.8967922105263156,0.898166947368421,0.8887738947368422,0.8677233684210527,,0.861970105263158,0.9163336842105264,0.8777941052631579,,0.9054833684210526,0.8756111578947369,0.8815646315789474,0.8774221052631578,0.8815646315789474,
MVTec-AD_cable,,0.6850252324037185,0.6895405046480743,0.7187569721115538,,0.5,0.5,0.7174608233731741,0.6796281540504648,0.7302523240371847,0.6510597609561753,0.7240053120849933,0.7969508632138114,0.668855245683931,,,0.8377583001328021,,,,,,,,,0.6118884462151395,,,,0.8388738379814077,0.7959946879150067,0.8405099601593626,0.8208552456839309,0.8400956175298806,0.8858007968127489,0.8817954847277556,,0.5951022576361222,0.852355909694555,0.8644780876494023,,0.8877450199203187,0.8800849933598938,0.9140504648074368,0.8925365205843294,0.9140504648074368,
MNIST-C_dotted_line,,0.7846189473684211,0.8118362105263158,0.824266947368421,,0.5,0.5,0.9146273684210529,0.6841397894736841,0.8757713684210527,0.6885503157894738,0.9107416842105264,0.7481461052631581,0.794312,,,0.5025086315789473,,,,,,,,,0.9133522105263158,,,,0.9271667368421052,0.9289821052631578,0.9204646315789472,0.8993044210526315,0.910917052631579,0.8665644210526315,0.8985839999999999,,0.8480854736842105,0.9123002105263156,0.8839673684210527,,0.8763797894736842,0.8878513684210527,0.8804475789473685,0.8975936842105263,0.8804475789473685,
FashionMNIST_9,,0.9446126984126983,0.9607412698412698,0.9588751322751324,,0.5,0.5,0.9679068783068782,0.9236042328042328,0.960389417989418,0.9207724867724866,0.96714708994709,0.920331216931217,0.9599386243386244,,,0.9091650793650792,,,,,,,,,0.9666899470899472,,,,0.9647328042328044,0.9580291005291004,0.9668645502645502,0.9676989417989416,0.9687571428571428,0.9353904761904762,0.957021164021164,,0.7241481481481481,0.9603809523809524,0.9512444444444444,,0.9492767195767196,0.9547619047619048,0.953957671957672,0.9586640211640212,0.953957671957672,
MVTec-AD_hazelnut,,0.7892498066511987,0.7505296075859982,0.7793301725007565,,0.5,0.5,0.7761693399240054,0.7928645885873769,0.7783550220249503,0.7347254447022429,0.771898853357544,0.8328793839739064,0.7496385218063821,,,0.849255186791755,,,,,,,,,0.7463095598372508,,,,0.8248427990181244,0.8364773529708464,0.825179057802885,0.8252967483775515,0.842076061737113,0.8282894515619221,0.8579811022562964,,0.5242946971989644,0.8664043848145532,0.8186051985608124,,0.8560476142439222,0.8259188271293587,0.9039981169508052,0.8663203201183631,0.9039981169508052,
MVTec-AD_capsule,,0.6847458899482021,0.6784963591321974,0.715477441633511,,0.5,0.5,0.7255179791306958,0.6886119660686135,0.7141449590871557,0.6315967269724496,0.7241010434652053,0.8252289617896554,0.675258989565348,,,0.8431048720066061,,,,,,,,,0.7281547931836951,,,,0.7424742887170632,0.7513887846257787,0.7317862773065085,0.7698934013962917,0.769555588919751,0.7597684107799715,0.8006155694016965,,0.5283480969897155,0.7278263643870582,0.7676037834997373,,0.8483315817130846,0.7115269123939644,0.938367990391112,0.8457416860596052,0.938367990391112,
MNIST-C_identity,,0.4782795789473684,0.4879856842105262,0.4868231578947368,,0.5,0.5,0.4796922105263158,0.4852981052631579,0.4782652631578947,0.497130947368421,0.4790105263157894,0.4917515789473684,0.4880122105263158,,,0.4873128421052631,,,,,,,,,0.4864214736842105,,,,0.4948107368421052,0.4885768421052632,0.4869269473684211,0.4877701052631579,0.4847362105263157,0.4874195789473684,0.491913052631579,,0.4940675789473684,0.492448,,,0.4875821052631578,0.4851814736842105,0.4626147368421052,0.4837284210526316,0.4626147368421052,
SVHN_5,,0.6080711793597198,0.6308899346682274,0.6259543271662323,,0.5,0.5,0.6574794363067398,0.5467758794260309,0.6342408171850339,0.553280958734532,0.6580076779684693,0.600445392817519,0.6267595344408747,,,0.5100550559470538,,,,,,,,,0.6540269997318652,,,,0.6525863771452793,0.6366512208162538,0.6345386555687751,0.6380480908639883,0.633380216787809,0.643358204042574,0.6566573702556593,,0.6153445371944748,0.6479502136247814,,,0.6523880858224111,0.6402706395577542,0.6418497449507965,0.64327110036431,0.6418497449507965,
FashionMNIST_2,,0.7648105820105819,0.8356730158730159,0.8567703703703704,,0.5,0.5,0.8815375661375662,0.5851894179894179,0.8641661375661376,0.7110317460317459,0.8826761904761906,0.8110296296296298,0.8272730158730159,,,0.670279365079365,,,,,,,,,0.861247619047619,,,,0.852684126984127,0.8437851851851851,0.834821164021164,0.8395058201058201,0.8349730158730158,0.8518550264550265,0.8342719576719576,,0.653920634920635,0.856563492063492,,,0.8507253968253968,0.8624359788359789,0.8706021164021164,0.8651153439153438,0.8772010582010582,
MVTec-AD_grid,,0.6394579945799458,0.6486585365853659,0.687479674796748,,0.5,0.5,0.667249322493225,0.5684281842818428,0.7305013550135501,0.5842818428184282,0.6673712737127372,0.8190108401084011,0.645189701897019,,,0.8200135501355014,,,,,,,,,0.6702981029810299,,,,0.75340108401084,0.7388482384823849,0.7977100271002711,0.7331978319783199,0.7875609756097561,0.7977371273712737,0.8100271002710028,,0.5876151761517615,0.7935027100271003,,,0.8427777777777777,0.7913956639566395,0.9355149051490514,0.8450135501355014,0.9350271002710028,
MNIST-C_rotate,,0.531450947368421,0.5579136842105263,0.5824412631578947,,0.5,0.5,0.6466012631578948,0.5427814736842106,0.6222231578947368,0.4914484210526316,0.6456614736842106,0.5632509473684211,0.552610947368421,,,0.5034896842105263,,,,,,,,,0.6417155789473685,,,,0.6455658947368421,0.6363661052631578,0.6361600000000001,0.6439524210526316,0.6575524210526316,0.588749052631579,0.6142555789473684,,0.5415284210526317,0.6550402105263158,,,0.6122854736842105,0.6078812631578947,0.6346075789473684,0.6349999999999999,0.6403924210526316,
SVHN_4,,0.6179229535740282,0.6058023571455935,0.6070053524225459,,0.5,0.5,0.622428456499253,0.6076730370346046,0.6182006994269953,0.5736135966856574,0.6234546111284418,0.6000439194181293,0.6042258415836165,,,0.5472992294262838,,,,,,,,,0.6467041965619715,,,,0.6432344257091412,0.6406981135173297,0.660939013578078,0.6404125004788722,0.6582970074594601,0.6199239551009462,0.664466591141686,,0.5126613799180171,0.6597349921464966,,,0.6411622774612661,0.6323079312175393,0.6012718844577252,0.6413623776139578,0.6076880873024995,
CIFAR10_1,,0.5591026615969582,0.6433885931558936,0.6481809885931559,,0.4876912547528517,0.5308942965779468,0.7231726235741446,0.4263695817490494,0.6426600760456275,0.5223072243346008,0.7229460076045627,0.618190114068441,0.6291513307984792,,,0.540584030418251,,,,,,,,,0.6928676806083651,,,,0.6875467680608365,0.6896060836501902,0.7296684410646388,0.6981186311787072,0.7091368821292776,0.7439513307984791,0.6999513307984792,,0.6801627376425856,0.7036060836501901,,,0.6898836501901141,0.7068007604562736,0.6708562737642586,0.7103665399239544,0.6624547528517111,
MVTec-AD_carpet,,0.7564438158366935,0.7697853116885858,0.7852589136813661,,0.5,0.5,0.7777859872073634,0.7628401342593569,0.782577948533913,0.6195140486795718,0.7712418990521628,0.8256000506639083,0.7682020645542631,,,0.8699943003103163,,,,,,,,,0.7588292415190728,,,,0.7744136708112559,0.8081948871672542,0.8095881446454583,0.7864938464461378,0.8011019400054885,0.8787127145299867,0.8632285575563108,,0.7400202655633193,0.8093031601612801,,,0.8760211944016381,0.840208144223259,0.9242785670557936,0.8798420974858036,0.922631990036098,
MNIST-C_zigzag,,0.8267170526315789,0.875889052631579,0.8851991578947369,,0.5,0.5,0.941832,0.7625806315789474,0.9198374736842104,0.7151031578947369,0.9395957894736842,0.7977743157894736,0.8608012631578947,,,0.550376,,,,,,,,,0.9384305263157892,,,,0.939562105263158,0.9404191578947368,0.9550526315789474,0.932532,0.9343724210526316,0.905226947368421,0.9331631578947368,,0.8989616842105262,0.927750947368421,,,0.9328993684210528,0.9327734736842106,0.9189566315789476,0.9441974736842104,0.930728,
CIFAR10_7,,0.6208304182509505,0.6706068441064638,0.6615041825095058,,0.5879878326996199,0.6213140684410646,0.6888076045627376,0.5451528517110267,0.6475406844106465,0.6475209125475286,0.6893231939163499,0.6487893536121673,0.663180228136882,,,0.5301300380228137,,,,,,,,,0.6816859315589354,,,,0.6769171102661597,0.6639634980988594,0.6912441064638785,0.6850205323193916,0.66886463878327,0.6665916349809886,0.6601171102661597,,0.5367574144486692,0.6609490494296577,,,0.6829247148288974,0.6987467680608365,0.5800684410646387,0.6860920152091254,0.5995726235741444,
MNIST-C_scale,,0.6749797894736843,0.7493957894736841,0.7799355789473683,,0.5,0.5,0.8719642105263159,0.538832,0.8124454736842105,0.7049115789473683,0.8684080000000001,0.728784,0.7286559999999999,,,0.6177187368421053,,,,,,,,,0.8655120000000001,,,,0.8657477894736842,0.8663701052631579,0.8976741052631578,0.8951926315789472,0.8527901052631579,0.8339056842105264,0.8503545263157896,,0.7071549473684211,0.8316745263157894,,,0.8610576842105263,0.8394690526315789,0.8328673684210527,0.8418844210526315,0.8162968421052632,
MNIST-C_shot_noise,,0.7923966315789475,0.8127562105263157,0.83432,,0.5,0.5,0.912829894736842,0.7048256842105263,0.874042105263158,0.6662993684210528,0.911272,0.7511713684210527,0.7974951578947368,,,0.6103376842105264,,,,,,,,,0.8946031578947367,,,,0.8876162105263157,0.8681825263157894,0.9135111578947368,0.889792,0.9071448421052632,0.8432831578947368,0.8429111578947368,,0.7078307368421053,0.8972,,,0.8839157894736843,0.8858263157894737,0.8344867368421052,0.8744301052631578,0.8479907368421052,
CIFAR10_4,,0.7618494296577947,0.7693262357414449,0.7702296577946768,,0.5,0.5,0.7776851711026616,0.750587072243346,0.7771026615969583,0.691580228136882,0.7771665399239545,0.7609231939163498,0.7707437262357415,,,0.6136273764258555,,,,,,,,,0.7769946768060837,,,,0.758083650190114,0.7583338403041825,0.7536638783269961,0.7669520912547529,0.7561095057034222,0.7628851711026616,0.7587589353612169,,0.4604456273764258,0.74433536121673,,,0.7799368821292776,0.7841307984790875,0.7158585551330799,0.7657809885931559,0.7256365019011407,
FashionMNIST_5,,0.938131216931217,0.9486116402116404,0.9479915343915344,,0.5,0.5,0.9546751322751325,0.9030719576719576,0.9508126984126984,0.90589417989418,0.9535851851851852,0.9086814814814814,0.9476380952380952,,,0.8970677248677249,,,,,,,,,0.9490142857142856,,,,0.9495031746031748,0.94648835978836,0.9286984126984128,0.94773544973545,0.9557063492063492,0.9143285714285714,0.9154063492063492,,0.9157280423280424,0.943105291005291,,,0.9390428571428572,0.9449566137566138,0.9432,0.9387804232804232,0.9425703703703704,
MVTec-AD_wood,,0.7791719948849105,0.8034153878942881,0.8143115942028986,,0.5,0.5,0.841005967604433,0.7278745737425406,0.8230898337595909,0.7406756180733163,0.8432304987212276,0.8854033461210571,0.7986999147485081,,,0.9279758098891732,,,,,,,,,0.8243686061381075,,,,0.8783834185848252,0.8659153878942882,0.8882139812446718,0.8579363810741689,0.8880807757885762,0.9149616368286446,0.9021605924978688,,0.518808610400682,0.9094069693094629,,,0.9208892796248936,0.9109255115089514,0.96639226342711,0.9332374254049444,0.9697756820119352,
MNIST-C_shear,,0.6578218947368422,0.6692092631578948,0.6881086315789474,,0.5,0.5,0.7546252631578948,0.6362943157894737,0.7168534736842105,0.5298181052631579,0.7520275789473684,0.6582025263157896,0.6593675789473683,,,0.5539604210526315,,,,,,,,,0.7283216842105262,,,,0.7192157894736841,0.7142334736842106,0.7651410526315789,0.7196155789473684,0.7404141052631579,0.7152412631578948,0.7109002105263158,,0.6344728421052632,0.7462477894736841,,,0.7100856842105263,0.7188467368421052,0.706496,0.738612,0.7186656842105263,
SVHN_9,,0.524714995487246,0.5616494773091718,0.5596130422972109,,0.5,0.5,0.5912338658090974,0.4737725747233199,0.5631338666853603,0.4966780872933115,0.5910410879680339,0.5436335117988802,0.5551563691169898,,,0.5296010374952902,,,,,,,,,0.584873949579832,,,,0.5810525670122064,0.5786305763181184,0.5985594237695078,0.5997844393231745,0.5889485721295817,0.5641538367171687,0.60321062731662,,0.5522130019891168,0.5874817080116718,,,0.5804128950850413,0.6018015965510292,0.6061618808107184,0.5854873336195792,0.601465111592082,
SVHN_3,,0.582744301462168,0.5956353462296432,0.5946623577175416,,0.5,0.5,0.6328732171749321,0.5358033973515548,0.6023841377600099,0.5728348767942766,0.6316969962138743,0.5820235107299888,0.5920313925687476,,,0.5080953381319357,,,,,,,,,0.631146794376674,,,,0.6224588704382606,0.5815857185504367,0.6353249060313179,0.6125270691406268,0.6119315875350062,0.6309962128212296,0.5873317738138675,,0.5813443142036843,0.6298752752983595,,,0.6338409405976824,0.6021956475612369,0.6133107776905529,0.6247931478021148,0.623540319790997,
20news_0,,0.6487955164726281,0.6633970593439259,0.6670596093280017,,0.5998332389681164,0.5952727449662054,0.7815762235040163,0.5976392476733076,0.7159643830284157,0.5662952510704555,0.7829651615414558,0.7074936303478537,0.6177036519338971,,,0.5245917229909056,,,,,,,,,,,,,0.640373420857072,0.7259235995612017,0.6719385859372236,0.7597734350118546,0.6889641353197211,0.7037647298205882,0.7178310449768216,,0.5381714674970806,0.7298825153048586,0.7101299585972609,,0.700785590431367,0.7166588520471354,0.6603825329983368,0.7212591563749602,0.6603825329983368,
20news_2,,0.4774200342419218,0.4708637932440145,0.4985562681740358,,0.4402498845014539,0.4741996630160067,0.5054725928744191,0.4447475337663397,0.4807355219175476,0.4450804413403266,0.5073341576758975,0.5209629861129983,0.4692332255346904,,,0.4723143191021006,,,,,,,,,,,,,0.5433221458271055,0.541236377965595,0.5143116286653804,0.5357264179145039,0.5127014430524228,0.5107787319618448,0.4921970541076718,,0.517368943120363,0.5530647878903171,0.5629772807565834,,0.56321507188086,0.5365484958012882,0.5399285267820747,0.5967911786286926,0.5399285267820747,
agnews_1,,0.5982324210526316,0.5982134736842105,0.6146572631578947,,0.5230673684210526,0.5592016842105263,0.8042092631578948,0.5685873684210526,0.6631751578947368,0.546106947368421,0.8014294736842106,0.6822315789473684,0.5829684210526316,,,0.4582854736842106,,,,,,,,,,,,,0.6745957894736843,0.5011170526315789,0.6666303157894737,0.6507122105263158,0.6873640000000001,0.6558450526315789,0.7164145263157895,,0.518384842105263,0.6286162105263158,0.6648875789473684,,0.6300138947368421,0.7292109473684211,0.6199873684210526,0.6324416842105263,0.6199873684210526,
agnews_0,,0.5482134736842105,0.562216,0.5977094736842106,,0.5188362105263158,0.5012391578947368,0.6706602105263159,0.5139713684210527,0.6241583157894738,0.5862214736842105,0.6707301052631578,0.637469894736842,0.5152922105263158,,,0.5184715789473685,,,,,,,,,,,,,0.5729799999999999,0.5470936842105264,0.5642555789473684,0.6218147368421054,0.5746501052631579,0.60224,0.5572694736842105,,0.512789052631579,0.576218105263158,0.5673482105263158,,0.5895835789473685,0.5870505263157895,0.6159065263157895,0.6532147368421051,0.6159065263157895,
imdb,,0.4927722105263157,0.4871903157894737,0.4994505263157894,,0.5104652631578948,0.4688273684210526,0.4968008421052631,0.4993688421052631,0.5008155789473684,0.4733225263157894,0.4957393684210526,0.5144551578947368,0.4797402105263157,,,0.5120096842105263,,,,,,,,,,,,,0.5163345263157895,0.5288774736842106,0.4724938947368421,0.5498593684210527,0.5145065263157894,0.5073595789473684,0.5123920000000001,,0.5020391578947367,0.547202947368421,0.5678656842105263,,0.520709052631579,0.4525932631578948,0.5267785263157895,0.5045861052631578,0.5267785263157895,
20news_1,,0.491213389121339,0.4920502092050209,0.5259046025104602,,0.4723748953974895,0.4726426778242678,0.5374326359832635,0.4760769874476988,0.5280669456066945,0.5133121338912133,0.5369707112970712,0.5613054393305439,0.4815866108786611,,,0.5210175732217573,,,,,,,,,,,,,0.52258410041841,0.5488200836820084,0.6424903765690376,0.5828217573221758,0.5468652719665272,0.5611046025104603,0.6002878661087866,,0.5386644351464435,0.5575430962343095,0.5345539748953976,,0.6019079497907949,0.5607564853556486,0.5806928870292887,0.585292050209205,0.5806928870292887,
agnews_2,,0.6298543157894738,0.6696863157894737,0.7009084210526315,,0.6119646315789473,0.5988871578947368,0.7833747368421051,0.6031448421052632,0.7417061052631579,0.6532168421052631,0.7832545263157895,0.7528715789473684,0.6176875789473685,,,0.5697410526315789,,,,,,,,,,,,,0.6906884210526315,0.6222235789473685,0.6784568421052631,0.6964381052631579,0.6636414736842106,0.6616096842105263,0.6683208421052631,,0.4793421052631579,0.6992781052631578,0.6798955789473684,,0.758832842105263,0.6637541052631578,0.6447486315789474,0.7400736842105263,0.6447486315789474,
yelp,,0.6130324210526317,0.6207949473684211,0.63752,,0.602072,0.5738951578947369,0.6703082105263158,0.599488,0.6806749473684209,0.6236387368421052,0.6719688421052632,0.6617317894736842,0.5916172631578948,,,0.5147848421052632,,,,,,,,,,,,,0.5715564210526316,0.5929124210526315,0.5689903157894737,0.6180094736842106,0.6102284210526315,0.6232901052631579,0.5819703157894737,,0.4586858947368421,0.6124829473684209,0.6432602105263159,,0.5533461052631579,0.660450947368421,0.5563637894736843,0.6071595789473684,0.5563637894736843,
20news_5,,0.5525773568536727,0.5445163389242337,0.5402870156159629,,0.5147664835164836,0.5294968189705032,0.5591382301908618,0.536852949681897,0.524671052631579,0.4906376518218623,0.5561740890688259,0.6666244939271254,0.5397267206477733,,,0.5708682764603817,,,,,,,,,,,,,0.6214936379410064,0.5967502891844998,0.6406701850780798,0.6119324754193176,0.5848395026026605,0.543251156737999,0.6629373915558125,,0.5211104684788895,0.6681246385193753,0.5155978889531521,,0.5154171486408329,0.6600636205899364,0.5384796124927703,0.6276388085598612,0.5384796124927703,
20news_4,,0.5106455511823226,0.533765147054266,0.520237394241795,,0.4939256825859237,0.5200049586264606,0.5399169430067872,0.5067716242600799,0.4850001549570769,0.5108469953822792,0.5373446555304181,0.5733101930765179,0.5101496885362755,,,0.5328431524467723,,,,,,,,,,,,,0.5648185452629622,0.5875042613196144,0.6216490532122603,0.6082220224997676,0.5978244026404687,0.5446121424365451,0.5061672916602101,,0.4931663929091641,0.6052003595004184,0.6294666377413456,,0.6305668329872625,0.5740849784609663,0.5511823224966684,0.6454272166609849,0.5511823224966684,
amazon,,0.5697284210526316,0.5647612631578947,0.5819254736842105,,0.5677713684210527,0.5379052631578947,0.5798892631578948,0.5631755789473685,0.6057743157894736,0.50768,0.5788345263157895,0.6035995789473685,0.5490096842105263,,,0.4863425263157894,,,,,,,,,,,,,0.5738465263157894,0.5425235789473685,0.5861484210526315,0.529645052631579,0.5516526315789474,0.5231324210526316,0.5518309473684211,,0.4884071578947368,0.5432244210526316,0.5722728421052632,,0.5666581052631579,0.5321157894736842,0.5403831578947368,0.5884408421052632,0.5403831578947368,
20news_3,,0.6908854166666667,0.7047916666666667,0.7311458333333334,,0.6809375,0.6716666666666666,0.7075,0.6690625000000001,0.7384895833333334,0.691875,0.7053645833333333,0.8027604166666666,0.6771354166666665,,,0.7280208333333333,,,,,,,,,,,,,0.7483854166666667,0.8098958333333334,0.6334375,0.7437499999999999,0.8067708333333333,0.8031770833333334,0.7647916666666665,,0.4321354166666666,0.7321354166666666,0.7002604166666666,,0.7820833333333334,0.7911458333333332,0.8303125,0.7710937499999999,0.8303125,
agnews_3,,0.566472,0.5953587368421052,0.6002501052631579,,0.5481145263157894,0.5452543157894737,0.7290084210526315,0.5417216842105264,0.6527688421052632,0.5528307368421053,0.7278496842105262,0.6493599999999999,0.5600147368421053,,,0.517912,,,,,,,,,,,,,0.6527513684210526,0.6563204210526317,0.6635431578947368,0.6618652631578948,0.6686162105263158,0.6425513684210526,0.6391517894736842,,0.4945477894736842,0.6882282105263158,0.6468522105263158,,0.6633553684210526,0.629624,0.6261393684210527,0.6660172631578947,0.6261393684210527,
